briefing_id,source_file,source_subunit,nominal_date,window_start_utc,window_end_utc,window_start_pkt,window_end_pkt,timestamp_basis,timing_issues
B001,"Pakistan AI Policy & Infrastructure Daily Brief — August 18, 2026.md",Tab 1,2026-08-18,2026-08-18T19:24:00Z,2026-08-18T19:38:00Z,2026-08-19T00:24:00+05:00,2026-08-19T00:38:00+05:00,explicit previous and research cutoffs,Title date is UTC date; normalized PKT date is 2026-08-19.
B002,"Pakistan AI Policy & Infrastructure Daily Brief — August 18, 2026.md",Tab 2,2026-08-20,2026-08-20T14:36:50Z,2026-08-20T14:50:39Z,2026-08-20T19:36:50+05:00,2026-08-20T19:50:39+05:00,explicit PKT coverage window,None identified.
B003,"Pakistan AI Policy & Infrastructure Daily Brief — August 18, 2026.md",Tab 3,2026-08-21,2026-08-21T14:56:00Z,2026-08-21T15:05:00Z,2026-08-21T19:56:00+05:00,2026-08-21T20:05:00+05:00,explicit approximate UTC and PKT window,Window is explicitly approximate.
B004,Pakistan_AI_Policy_Infrastructure_Daily_Brief_2026-08-22.docx,whole document,2026-08-22,2026-08-22T14:52:00Z,2026-08-22T15:05:00Z,2026-08-22T19:52:00+05:00,2026-08-22T20:05:00+05:00,explicit approximate PKT window and UTC completion,Window start is approximate.
B005,Pakistan_AI_Policy_Infrastructure_Daily_Brief_2026-08-23_2010PKT.docx,whole document,2026-08-23,2026-08-23T14:58:00Z,2026-08-23T15:10:00Z,2026-08-23T19:58:00+05:00,2026-08-23T20:10:00+05:00,explicit previous cutoff plus stated 12-minute window and filename end time,End time is reconstructed from stated duration and filename.
B006,Pakistan_AI_Policy_Infrastructure_Daily_Brief_2026-08-25_0025PKT.docx,whole document,2026-08-25,2026-08-24T19:10:00Z,2026-08-24T19:25:00Z,2026-08-25T00:10:00+05:00,2026-08-25T00:25:00+05:00,explicit PKT comparison and research cutoffs,UTC date is 2026-08-24 while nominal and PKT date are 2026-08-25.
B007,Pakistan_AI_Policy_Infrastructure_Daily_Brief_2026-08-26_0710PKT.docx,whole document,2026-08-26,2026-08-26T01:38:00Z,2026-08-26T02:10:00Z,2026-08-26T06:38:00+05:00,2026-08-26T07:10:00+05:00,explicit PKT research window,32-minute interval materially exceeds the stated approximate 15-minute cadence.
B008,Pakistan_AI_Policy_Infrastructure_Daily_Brief_2026-08-27_1906PKT.docx,whole document,2026-08-27,2026-08-27T13:52:00Z,2026-08-27T14:06:00Z,2026-08-27T18:52:00+05:00,2026-08-27T19:06:00+05:00,explicit approximate PKT coverage window,Window end is approximate.
B009,Pakistan_AI_Policy_Infrastructure_Daily_Brief_2026-08-28_1952PKT.docx,whole document,2026-08-28,2026-08-28T14:37:00Z,2026-08-28T14:52:00Z,2026-08-28T19:37:00+05:00,2026-08-28T19:52:00+05:00,explicit approximate UTC and PKT cutoffs,Window end is approximate.
B010,Pakistan_AI_Policy_Infrastructure_Daily_Brief_2026-08-29_1938PKT.docx,whole document,2026-08-29,2026-08-29T14:24:00Z,2026-08-29T14:38:00Z,2026-08-29T19:24:00+05:00,2026-08-29T19:38:00+05:00,explicit PKT cutoffs,Research cutoff is approximate in method text.
B011,Pakistan_AI_Policy_Infrastructure_Daily_Brief_2026-08-30_1957PKT.docx,whole document,2026-08-30,2026-08-30T14:38:00Z,2026-08-30T14:57:00Z,2026-08-30T19:38:00+05:00,2026-08-30T19:57:00+05:00,explicit approximate PKT and UTC cutoffs,19-minute interval exceeds the nominal cadence.
B012,Pakistan_AI_Policy_Infrastructure_Daily_Brief_2026-08-31_1049ET.docx,whole document,2026-08-31,2026-08-31T14:36:00Z,2026-08-31T14:55:00Z,2026-08-31T19:36:00+05:00,2026-08-31T19:55:00+05:00,explicit approximate UTC and PKT research window,"Filename says 1049ET, which converts to 14:49 UTC during EDT and falls inside, not at the end of, the stated window; ET is also DST-ambiguous."
B013,Pakistan_AI_Policy_Infrastructure_Daily_Brief_2026-09-01_1249ET.docx,whole document,2026-09-01,2026-09-01T16:40:00Z,2026-09-01T16:51:00Z,2026-09-01T21:40:00+05:00,2026-09-01T21:51:00+05:00,explicit UTC/PKT research cutoff in DOCX header and previous cutoff,"Filename says 1249ET (16:49 UTC during EDT), two minutes before the explicit 16:51 UTC research cutoff; ET is DST-ambiguous."
B014,Pakistan_AI_Policy_Infrastructure_Daily_Brief_2026-09-02_2219ET.docx,whole document,2026-09-02,2026-09-03T02:06:00Z,2026-09-03T02:21:00Z,2026-09-03T07:06:00+05:00,2026-09-03T07:21:00+05:00,explicit UTC and PKT research window; body identifies scheduled run as 22:19 EDT,"Filename nominal date is EDT; normalized UTC and PKT dates are 2026-09-03. Filename minute is scheduled time, two minutes before research cutoff."
