briefing_id,extracted_source_file,bundle_part,normalized_file,line_count,word_count,heading_count,unique_url_count,normalized_sha256,source_basename
B001,Pakistan_AI_Policy_Infrastructure_Daily_Brief_2026-08-18_bundle.md,part 1,intermediate/briefings/B001.md,102,1240,11,12,ce01887a6391cb4645e339f1488f1d67503672112b7b460f1fb1f6045273fb0f,Pakistan_AI_Policy_Infrastructure_Daily_Brief_2026-08-18_bundle.md
B002,Pakistan_AI_Policy_Infrastructure_Daily_Brief_2026-08-18_bundle.md,part 2,intermediate/briefings/B002.md,114,1160,10,14,fffc252c7390519d95aaf95656e3c4642777d9e73ff0b41166175cea14b10585,Pakistan_AI_Policy_Infrastructure_Daily_Brief_2026-08-18_bundle.md
B003,Pakistan_AI_Policy_Infrastructure_Daily_Brief_2026-08-18_bundle.md,part 3,intermediate/briefings/B003.md,99,1003,1,10,c1d212a455dbc745769d23650d1228f80e10ee05d2add98d97e16eebab4bcfa3,Pakistan_AI_Policy_Infrastructure_Daily_Brief_2026-08-18_bundle.md
B004,Pakistan_AI_Policy_Infrastructure_Daily_Brief_2026-08-22.md,whole document,intermediate/briefings/B004.md,235,2140,10,16,8a75bd27b1faf9e2c37fc689c67da04501a8789aa7a2b7a376132cf841c820da,Pakistan_AI_Policy_Infrastructure_Daily_Brief_2026-08-22.md
B005,Pakistan_AI_Policy_Infrastructure_Daily_Brief_2026-08-23_2010PKT.md,whole document,intermediate/briefings/B005.md,185,1953,10,22,31c153e4235e0a0982adb387a4db3394f4611281c60cd4e6c3874ce7835ae62e,Pakistan_AI_Policy_Infrastructure_Daily_Brief_2026-08-23_2010PKT.md
B006,Pakistan_AI_Policy_Infrastructure_Daily_Brief_2026-08-25_0025PKT.md,whole document,intermediate/briefings/B006.md,364,3062,25,22,7c2da09f5eff8f083fa23907be12aabf859940759b656d69893ba10a6c8a2a26,Pakistan_AI_Policy_Infrastructure_Daily_Brief_2026-08-25_0025PKT.md
B007,Pakistan_AI_Policy_Infrastructure_Daily_Brief_2026-08-26_0710PKT.md,whole document,intermediate/briefings/B007.md,296,2302,20,23,ae8e6391298c1c4e817d192ddfbb8c9a92bf44a6f3b9613a82e75a7a68038595,Pakistan_AI_Policy_Infrastructure_Daily_Brief_2026-08-26_0710PKT.md
B008,Pakistan_AI_Policy_Infrastructure_Daily_Brief_2026-08-27_1906PKT.md,whole document,intermediate/briefings/B008.md,234,2237,10,17,39ace51ca1d759e1b0ddec053f738ae31ed5230750d46e69da8d5866d57237d1,Pakistan_AI_Policy_Infrastructure_Daily_Brief_2026-08-27_1906PKT.md
B009,Pakistan_AI_Policy_Infrastructure_Daily_Brief_2026-08-28_1952PKT.md,whole document,intermediate/briefings/B009.md,175,2411,19,17,28bab5686c2afba4b6aebd1728ca0707891ddac52f16767e43109818753875b5,Pakistan_AI_Policy_Infrastructure_Daily_Brief_2026-08-28_1952PKT.md
B010,Pakistan_AI_Policy_Infrastructure_Daily_Brief_2026-08-29_1938PKT.md,whole document,intermediate/briefings/B010.md,397,3748,13,22,d4efd1aef642f3ec623f55e0a0ea857a49a378560b6aa523366e836b0bd64a44,Pakistan_AI_Policy_Infrastructure_Daily_Brief_2026-08-29_1938PKT.md
B011,Pakistan_AI_Policy_Infrastructure_Daily_Brief_2026-08-30_1957PKT.md,whole document,intermediate/briefings/B011.md,232,2161,10,24,5b707bf9a2b37f26c9e39eb3f158379fe90b4b08be5d901e05d504ad93dc8bb4,Pakistan_AI_Policy_Infrastructure_Daily_Brief_2026-08-30_1957PKT.md
B012,Pakistan_AI_Policy_Infrastructure_Daily_Brief_2026-08-31_1049ET.md,whole document,intermediate/briefings/B012.md,143,2632,10,17,75b9d338c65d24573b689a4f28e989b2b9bf6d222732e6a67a1db5810a14b88f,Pakistan_AI_Policy_Infrastructure_Daily_Brief_2026-08-31_1049ET.md
B013,Pakistan_AI_Policy_Infrastructure_Daily_Brief_2026-09-01_1249ET.md,whole document,intermediate/briefings/B013.md,334,3112,25,23,79a00fb5c3483411cc872c71b03945c2bb93025670868497ccfca0b8221a9e8c,Pakistan_AI_Policy_Infrastructure_Daily_Brief_2026-09-01_1249ET.md
B014,Pakistan_AI_Policy_Infrastructure_Daily_Brief_2026-09-02_2219ET.md,whole document,intermediate/briefings/B014.md,260,2540,24,31,f5dc9bf6937701adf7cf3202cc89107362078cf797ddebf982844952b240ef3c,Pakistan_AI_Policy_Infrastructure_Daily_Brief_2026-09-02_2219ET.md
