from_briefing,to_briefing,gap_start_utc,gap_end_utc,gap_minutes,gap_hours,approximate_missing_15m_runs,material_gap
B001,B002,2026-08-18T19:38:00Z,2026-08-20T14:36:50Z,2578.83,42.98,172,yes
B002,B003,2026-08-20T14:50:39Z,2026-08-21T14:56:00Z,1445.35,24.09,96,yes
B003,B004,2026-08-21T15:05:00Z,2026-08-22T14:52:00Z,1427,23.78,95,yes
B004,B005,2026-08-22T15:05:00Z,2026-08-23T14:58:00Z,1433,23.88,96,yes
B005,B006,2026-08-23T15:10:00Z,2026-08-24T19:10:00Z,1680,28,112,yes
B006,B007,2026-08-24T19:25:00Z,2026-08-26T01:38:00Z,1813,30.22,121,yes
B007,B008,2026-08-26T02:10:00Z,2026-08-27T13:52:00Z,2142,35.7,143,yes
B008,B009,2026-08-27T14:06:00Z,2026-08-28T14:37:00Z,1471,24.52,98,yes
B009,B010,2026-08-28T14:52:00Z,2026-08-29T14:24:00Z,1412,23.53,94,yes
B010,B011,2026-08-29T14:38:00Z,2026-08-30T14:38:00Z,1440,24,96,yes
B011,B012,2026-08-30T14:57:00Z,2026-08-31T14:36:00Z,1419,23.65,95,yes
B012,B013,2026-08-31T14:55:00Z,2026-09-01T16:40:00Z,1545,25.75,103,yes
B013,B014,2026-09-01T16:51:00Z,2026-09-03T02:06:00Z,1995,33.25,133,yes
