source_file,format,detected_type,bytes,filesystem_birthtime,filesystem_mtime,sha256,readable,container_status,internal_title,internal_creator,internal_created,internal_modified,apparent_briefing_units,apparent_coverage_utc,inclusion_decision,notes
"Pakistan AI Policy & Infrastructure Daily Brief — August 18, 2026.md",md,"Unicode text, UTF-8 text, with very long lines (485)",28165,2026-09-03T02:59:08.544Z,2026-09-03T02:59:08.544Z,45f7caa07f971e3fe5f24a7803eddc0aa4b4f6f2e08ece50d311bd5f1491f71a,yes,not applicable,,,,,3,2026-08-18T19:24:00Z to 2026-08-21T15:05:00Z,include as briefing evidence,Single Markdown download containing three labeled briefing tabs.
Pakistan_AI_Policy_Infrastructure_Daily_Brief_2026-08-22.docx,docx,Microsoft OOXML,46701,2026-09-03T02:51:05.458Z,2026-09-03T02:51:05.517Z,b0af106096750d5a4e9482d6d5db8ab45cbb392331b95199292a9636b5442cac,yes,valid OOXML ZIP,Pakistan AI Policy & Infrastructure Daily Brief — 22 August 2026,Pakistan AI Policy Monitor,2013-12-23T23:15:00Z,2013-12-23T23:15:00Z,1,2026-08-22T14:52:00Z to 2026-08-22T15:05:00Z,include as briefing evidence,OOXML core creation/modification timestamps are template defaults and not usable as briefing timestamps.
Pakistan_AI_Policy_Infrastructure_Daily_Brief_2026-08-23_2010PKT.docx,docx,Microsoft OOXML,45691,2026-09-03T02:51:49.907Z,2026-09-03T02:51:49.960Z,35f134b660569d76bb11abb2ed69531d2cdec50ba64a14d540e146e8ada3312b,yes,valid OOXML ZIP,Pakistan AI Policy & Infrastructure Daily Brief — 23 August 2026,Pakistan AI Policy Monitor,2013-12-23T23:15:00Z,2013-12-23T23:15:00Z,1,2026-08-23T14:58:00Z to 2026-08-23T15:10:00Z,include as briefing evidence,OOXML core creation/modification timestamps are template defaults and not usable as briefing timestamps.
Pakistan_AI_Policy_Infrastructure_Daily_Brief_2026-08-25_0025PKT.docx,docx,Microsoft OOXML,47772,2026-09-03T02:52:21.035Z,2026-09-03T02:52:21.076Z,ad48d9540a3d628fa6db377c583f5fa6e9dffb87ead55fef2c403fcca6e86201,yes,valid OOXML ZIP,Pakistan AI Policy & Infrastructure Daily Brief — 25 August 2026,Pakistan AI Policy Monitor,2013-12-23T23:15:00Z,2013-12-23T23:15:00Z,1,2026-08-24T19:10:00Z to 2026-08-24T19:25:00Z,include as briefing evidence,OOXML core creation/modification timestamps are template defaults and not usable as briefing timestamps.
Pakistan_AI_Policy_Infrastructure_Daily_Brief_2026-08-26_0710PKT.docx,docx,Microsoft OOXML,45938,2026-09-03T02:52:43.385Z,2026-09-03T02:52:43.419Z,db82dd1e0bba6666d1826690596cf8b11a47b238b4f25a871457dd07639ba8f4,yes,valid OOXML ZIP,Pakistan AI Policy & Infrastructure Daily Brief — 26 August 2026,Pakistan AI Policy Monitor,2013-12-23T23:15:00Z,2013-12-23T23:15:00Z,1,2026-08-26T01:38:00Z to 2026-08-26T02:10:00Z,include as briefing evidence,OOXML core creation/modification timestamps are template defaults and not usable as briefing timestamps.
Pakistan_AI_Policy_Infrastructure_Daily_Brief_2026-08-27_1906PKT.docx,docx,Microsoft OOXML,45788,2026-09-03T02:52:59.509Z,2026-09-03T02:52:59.540Z,e7913a1755df57d1686426dbb5b43829bc12e487f63f28bbf206779176dd38c0,yes,valid OOXML ZIP,"Pakistan AI Policy & Infrastructure Daily Brief - August 27, 2026",Pakistan AI Policy Monitor,2013-12-23T23:15:00Z,2013-12-23T23:15:00Z,1,2026-08-27T13:52:00Z to 2026-08-27T14:06:00Z,include as briefing evidence,OOXML core creation/modification timestamps are template defaults and not usable as briefing timestamps.
Pakistan_AI_Policy_Infrastructure_Daily_Brief_2026-08-28_1952PKT.docx,docx,Microsoft OOXML,47590,2026-09-03T02:53:25.426Z,2026-09-03T02:53:25.426Z,4cc02886b2335d8a3fa6370f2e291aeb51ce16760891090b6788054631b55b02,yes,valid OOXML ZIP,Pakistan AI Policy & Infrastructure Daily Brief — 28 August 2026,Pakistan AI Policy Monitor,2013-12-23T23:15:00Z,2013-12-23T23:15:00Z,1,2026-08-28T14:37:00Z to 2026-08-28T14:52:00Z,include as briefing evidence,OOXML core creation/modification timestamps are template defaults and not usable as briefing timestamps.
Pakistan_AI_Policy_Infrastructure_Daily_Brief_2026-08-29_1938PKT.docx,docx,Microsoft OOXML,49996,2026-09-03T02:53:45.672Z,2026-09-03T02:53:45.766Z,b0da71141b840b8f8353b4e0da36467d93cf966d962465cd4ae4a7cca7eab03d,yes,valid OOXML ZIP,Pakistan AI Policy & Infrastructure Daily Brief — 29 August 2026,Pakistan AI Policy Monitor,2013-12-23T23:15:00Z,2013-12-23T23:15:00Z,1,2026-08-29T14:24:00Z to 2026-08-29T14:38:00Z,include as briefing evidence,OOXML core creation/modification timestamps are template defaults and not usable as briefing timestamps.
Pakistan_AI_Policy_Infrastructure_Daily_Brief_2026-08-30_1957PKT.docx,docx,Microsoft OOXML,45578,2026-09-03T02:54:11.319Z,2026-09-03T02:54:11.365Z,e6dc40f617be9c3bd1b972a0ac9b48bfac31f1867e72d9d5b7f5c068703dd9dd,yes,valid OOXML ZIP,Pakistan AI Policy & Infrastructure Daily Brief — 30 August 2026,Pakistan AI Policy Monitor,2013-12-23T23:15:00Z,2013-12-23T23:15:00Z,1,2026-08-30T14:38:00Z to 2026-08-30T14:57:00Z,include as briefing evidence,OOXML core creation/modification timestamps are template defaults and not usable as briefing timestamps.
Pakistan_AI_Policy_Infrastructure_Daily_Brief_2026-08-31_1049ET.docx,docx,Microsoft OOXML,46515,2026-09-03T02:54:27.062Z,2026-09-03T02:54:27.104Z,39799a3296ff91e3e91a72db9724b0a5188d77d4bcb03fd8a380caee311000e6,yes,valid OOXML ZIP,Pakistan AI Policy & Infrastructure Daily Brief — 31 August 2026,Pakistan AI Policy Monitor,2013-12-23T23:15:00Z,2013-12-23T23:15:00Z,1,2026-08-31T14:36:00Z to 2026-08-31T14:55:00Z,include as briefing evidence,OOXML core creation/modification timestamps are template defaults and not usable as briefing timestamps.
Pakistan_AI_Policy_Infrastructure_Daily_Brief_2026-09-01_1249ET.docx,docx,Microsoft OOXML,48098,2026-09-03T02:54:42.637Z,2026-09-03T02:54:42.638Z,8ef5556ab900fbe7ca9e12743ca2ad819d719453e9031958c1e116d0c3441339,yes,valid OOXML ZIP,Pakistan AI Policy & Infrastructure Daily Brief — 1 September 2026,Pakistan AI Policy Monitor,2013-12-23T23:15:00Z,2013-12-23T23:15:00Z,1,2026-09-01T16:40:00Z to 2026-09-01T16:51:00Z,include as briefing evidence,OOXML core creation/modification timestamps are template defaults and not usable as briefing timestamps.
Pakistan_AI_Policy_Infrastructure_Daily_Brief_2026-09-02_2219ET.docx,docx,Microsoft OOXML,47855,2026-09-03T02:54:53.795Z,2026-09-03T02:54:53.796Z,7d2bc057f2d3e025074915e4e0d7ca194b13096465907a203981d127ee7ad822,yes,valid OOXML ZIP,Pakistan AI Policy & Infrastructure Daily Brief - 2 September 2026,Pakistan AI Policy Monitor,2013-12-23T23:15:00Z,2013-12-23T23:15:00Z,1,2026-09-03T02:06:00Z to 2026-09-03T02:21:00Z,include as briefing evidence,OOXML core creation/modification timestamps are template defaults and not usable as briefing timestamps.
pakistan-music-economy-meaning-man_1.html,html,"HTML document text, Unicode text, UTF-8 text, with very long lines (711)",39655,2026-08-29T20:59:39.130Z,2026-08-29T20:59:39.130Z,5f6ae05bed6396e2b16f37ea3929e2fd10c714f02ae1834ae75d3546fa8eb961,yes,not applicable,,,,,0,,exclude from briefing dataset,Readable standalone article about Pakistan's music economy; excluded for lack of an AI-policy/digital-infrastructure nexus.
