event_id,normalized_event_title,category,institution,geography,event_date,publication_date,first_detected,last_updated,briefing_file_references,primary_source_ids,primary_source_urls,corroborating_source_ids,corroborating_source_urls,status,verified_facts,source_claims,what_changed,significance,analytical_interpretation,forward_implications,confidence,confidence_reason,unresolved_issues,inclusion_decision,lifecycle
EVT-GOOG-20260818-OFFICE,Google Pakistan office inauguration claim,GOOGLE_CORPORATE_PRESENCE,Google; Government of Pakistan,Islamabad / national,2026-08-18,2026-08-18; retrospective PDA item 2026-09-01,2026-08-18T19:38Z (B001),2026-09-03T02:21Z (B014),B001; B002; B003; B004; B005; B006; B007; B008; B009; B010; B011; B012; B013; B014,S074; S075; S081; S082; S083,https://pid.gov.pk/site/press_detail/33638 | https://pda.gov.pk/press-details.php?id=google-opens-office-in-pakistan | https://about.google/company-info/locations/ | https://cloud.google.com/about/locations | https://datacenters.google/locations/,S076; S084,https://www.dawn.com/news/2023681 | https://www.google.com/about/careers/applications/jobs/results?location=Pakistan,government/company-reported inauguration; physical operation unverified,"A plaque-marking ceremony involving the prime minister and a Google delegation occurred at Prime Minister House on 18 August. Google’s current canonical office, Cloud-region and owned-data-centre directories showed no Pakistan listing at the verification cutoff.",Pakistani authorities and contemporaneous reporting called the event the opening or establishment of Google’s first local office.,"The reporting period added a high-level ceremony and public local-office claim, but later checks did not supply premises-level evidence.","The distinction affects how investors, regulators and users should understand local accountability, staffing, tax presence, and data-hosting implications.","Evidence supports an announced/local corporate presence, not a confidently verified staffed operational office at a disclosed physical location.","Verify street address, premises operator, occupancy, employing entity, staff, mandate and any local processing/hosting before upgrading status.",Medium,"High confidence in the ceremony and directory state; insufficient evidence for physical operation, location and timing of an operating office.",Physical address; office type; occupancy; headcount; employing entity; mandate; investment; data processing; hosting jurisdiction.,include with explicit qualification,IN_SPAN_DEVELOPMENT
EVT-GOOG-20260821-MOU,Government of Pakistan–Google framework MoU and programme announcements,FUNDING_INVESTMENT_PARTNERSHIP,Google; MoITT; Government of Pakistan,Islamabad / national,2026-08-21,2026-08-21 and 2026-08-24,2026-08-21T15:05Z (B003),2026-09-03T02:21Z (B014),B003; B005; B006; B010; B014,S077,https://pid.gov.pk/site/press_detail/33684,S078; S079,https://www.moib.gov.pk/News/66341 | https://pid.gov.pk/site/press_detail/33645,signed/announced framework MoU; delivery not evidenced,"PID records a framework MoU dated 21 August and programme targets including 150,000 Career Certificates in 2026 and exploration of one-year student access to Google AI Plus/Gemini and NotebookLM, an Islamabad AI centre, and FBR support.","Government releases report earlier programme outputs and prospective skills, education, SME, agriculture, payments, app and gaming initiatives.","A cooperation framework and numeric training target entered the record; no budget release, beneficiary completion, centre opening or system acceptance was found.","The package could shape workforce supply and public-sector vendor relationships, but implementation terms determine actual value and data-governance exposure.","This is a programme-intent milestone, not realized investment or delivered capacity.","Seek the signed instrument, workplan, budgets, selection rules, data flows, hosting terms and output audits.",Medium,Strong official evidence of the announcement; primary instrument and delivery evidence unavailable.,Signed text; budget; beneficiary selection; centre site/operator/timeline; data flows; local hosting; independent outcome audit.,include,IN_SPAN_DEVELOPMENT
EVT-REG-20260821-PVARA,PVARA virtual-asset service regulations notified,DATA_PROTECTION_GOVERNANCE,Pakistan Virtual Assets Regulatory Authority,Federal / Pakistan,2026-08-21,2026-08-21,2026-08-22T15:05Z (B004),2026-08-31T14:55Z (B012),B004; B005; B006; B007; B008; B011; B012,S018; S019; S020,"https://pvara.gov.pk/documents/Pakistan%20Virtual%20Asset%20Services%20Regulations,%202026%20-%20Notified%2021%20August%202026.pdf | https://pvara.gov.pk/documents/Pakistan%20Virtual%20Asset%20Services%20Activity%20Specific%20Regulations,%202026%20-%20Notified%2021%20August%202026.pdf | https://pvara.gov.pk/licensing",S017; S021,https://pvara.gov.pk/regulations | https://radio.gov.pk/22-08-2026/pakistan-introduces-transparent-regulatory-system-for-digital-economy,notified and effective regulations,"S.R.O. 1419(I)/2026 and S.R.O. 1420(I)/2026 were notified on 21 August and SRO 1419 states commencement on Gazette notification unless a later date is specified. Verified duties include technology/cyber controls, cloud and cross-border safeguards, incident reporting and personal-data programmes. General and activity-specific records are retained at least seven years; material cyber/BCDR notice is due within 24 hours, an interim update within five working days, final report within 30 calendar days, and personal-data incident notice within 72 hours.","The summary page states a minimum ten-year record-keeping rule, but the operative regulations use seven years generally; ten years applies in a narrower unclaimed-wallet/assets context.",The framework moved from enabling legislation/guidance to two operative sector regulations.,"VASPs now face concrete licensing, governance, cloud, cyber, algorithm and personal-data obligations with reportable deadlines.",This was the clearest binding digital-regulatory development in the supplied monitoring span.,"Track transitional applications, licensing decisions, supervisory guidance, enforcement and cloud/cross-border implementation.",High,Operative Gazette texts were opened and checked directly.,First licences/NOCs; enforcement; treatment of specific cloud architectures; publication of reasoned decisions.,include,IN_SPAN_DEVELOPMENT
EVT-CYB-20260824-PKCERT16,PKCERT publishes Advisory 16 on synchronized passkeys,CYBERSECURITY,PKCERT,Federal / Pakistan,2026-08-24 (identifier and PDF metadata),2026-08-24 (metadata-supported),2026-08-24T19:25Z (B006),2026-09-03T02:21Z (B014),B006; B007; B008; B009; B010; B011; B012; B013; B014,S022; S023,https://pkcert.gov.pk/advisories.asp | https://pkcert.gov.pk/advisory/26/16.pdf,,,published advisory,"The live register lists Advisory 16, NCA-16.240826, concerning malware targeting synchronized passkeys on compromised Windows systems.",,It superseded the corpus’s prior observation that Advisory 15 topped the register.,"It is an operational cyber-risk publication, not a new law or incident disclosure.","Useful threat guidance, but no evidence of a Pakistan-specific breach or mandated remediation was located.",Track agency adoption and any incident reporting.,High,Official PDF and register; date is metadata-supported but exact release time is unavailable.,Exact publication timestamp; implementation by covered entities.,include,IN_SPAN_DEVELOPMENT
EVT-CYB-20260824-PKCERT17,PKCERT publishes Advisory 17 on an Acrobat extension exposure,CYBERSECURITY,PKCERT,Federal / Pakistan,2026-08-24 (identifier and PDF metadata),2026-08-24 (metadata-supported),2026-08-24T19:25Z (B006),2026-09-03T02:21Z (B014),B006; B007; B008; B009; B010; B011; B012; B013; B014,S022; S024,https://pkcert.gov.pk/advisories.asp | https://pkcert.gov.pk/advisory/26/17.pdf,,,published advisory,"The live register lists Advisory 17, NCA-17.240826, on an Adobe Acrobat Chrome extension vulnerability exposing WhatsApp Web sessions.",,The advisory became the top visible 2026 listing by the B006 cutoff.,The notice expands official threat guidance relevant to organizational browsers and messaging sessions.,It should not be treated as evidence of a Pakistan-specific compromise.,Monitor follow-on directives or incident notices.,High,Official PDF and register; exact release time is unavailable.,Exact publication timestamp; affected-estate evidence; implementation uptake.,include,IN_SPAN_DEVELOPMENT
EVT-TEL-20260828-AMENDMENT-WITHDRAWN,Pakistan Telecommunication amendment bill withdrawn,PLATFORM_TELECOM,Parliament; MoITT,Federal / Islamabad,2026-08-28,2026-08-28,2026-08-28T14:52Z (B009),2026-08-29T14:38Z (B010),B009; B010,S025; S026,https://pid.gov.pk/site/press_detail/33741 | https://www.senate.gov.pk/en/gbna.php?catid=186&cattitle=Bills&leftcatid=279&subcatid=276,,,withdrawn; replacement announced but not introduced,The Senate register records the bill withdrawn in the House on 28 August. MoITT said it intended a fresh bill retaining the proposal’s essence.,,The pending bill ceased to advance; the replacement remained executive intent at cutoff.,"No operative telecom-law change arose from the withdrawn text, reducing immediate compliance impact but preserving policy uncertainty.",Treat future legislation as a new event requiring a new text and parliamentary lifecycle.,"Watch for introduction, referral, amendments, passage, assent, Gazette and commencement.",High,Official executive and parliamentary records align on withdrawal.,"Successor text, title, introduction date and operative provisions.",include,IN_SPAN_DEVELOPMENT
EVT-KP-20260821-DIGITAL-PAYMENTS,KP Digital Payments Bill passage claim conflicts with official tracker,DIGITAL_IDENTITY_DPI,Khyber Pakhtunkhwa Assembly,Khyber Pakhtunkhwa / Peshawar,2026-08-21 (reported),2026-08-22,2026-08-22T15:05Z (B004),2026-08-22T15:05Z (B004),B004,S027,https://www.pakp.gov.pk/bill/the-khyber-pakhtunkhwa-promotion-of-digital-payments-bill-2026/,S028,https://tribune.com.pk/story/2625229/k-p-assembly-approves-digital-payments-bill,officially referred to committee; reported passage unverified,The official tracker currently shows the bill introduced on 6 April 2026 and referred to Standing Committee No. 10.,"A news headline says the Assembly approved the bill on 21 August, while the article body also describes it as introduced.","A reported passage claim appeared, but authoritative disposition did not confirm it.",Misclassifying the bill as enacted would falsely create payment obligations and a rulemaking clock.,"No Act, assent, Gazette or commencement is verified.","Recheck committee report, passed-bills register, assent and Gazette.",High,High on current official status; low on reported passage.,Authoritative 21 August proceedings; final text; vote; assent; Gazette; commencement; rulemaking.,include as disputed status,CONTRADICTED_OR_UNRESOLVED
EVT-KP-20260827-VIRTUAL-WORKPLACE,KP committee recommends digital-workplace harassment amendments,DATA_PROTECTION_GOVERNANCE,KP Assembly Standing Committee,Khyber Pakhtunkhwa / Peshawar,2026-08-27,2026-08-27,2026-08-27T14:06Z (B008),2026-08-27T14:06Z (B008),B008,S029,https://dgipr.kp.gov.pk/sc-27-8-26/,,,committee recommendation; not enacted,"A provincial committee considered and recommended amendments extending workplace-protection concepts to digital, virtual and remote environments and electronic evidence.",,The proposal advanced at committee level only.,It signals recognition of digitally mediated workplace harms but does not yet alter legal duties.,"Evidence, privacy, jurisdiction and platform-process rules remain central design questions.","Track bill text, Assembly vote, assent, Gazette and rules.",High,Official provincial release is clear about committee stage.,Amendment text; evidentiary safeguards; vote; assent; commencement.,include,IN_SPAN_DEVELOPMENT
EVT-SECP-20260827-C19,SECP Circular No. 19 of 2026 on investor onboarding,DATA_PROTECTION_GOVERNANCE,Securities and Exchange Commission of Pakistan,Federal / Islamabad,issued 2026-08-25; posted 2026-08-27,2026-08-27; press coverage 2026-08-28,2026-08-27T14:06Z (B008),2026-09-03T04:15Z (verification),B008,S101; S102,https://www.secp.gov.pk/document/circular-no-19-of-2026-consolidated-framework-for-investor-onboarding-secp-regulated-persons/ | https://www.secp.gov.pk/laws/circulars/,S103; S104,https://www.dawn.com/news/2025777 | https://www.brecorder.com/news/40436941,final issued circular; commencement date unstated; three-month transition,"Circular 19/2026 was issued on 25 August and posted on the official register on 27 August. It repeals Circular 6/2023 while preserving prior actions. For complete individual-customer documents, the maximum accept/decline period is one working day for Sehl/Sahulat accounts and two working days for Normal Accounts; deficiencies must be communicated within the same period and rejection reasons supplied in writing. Firms have three months to align forms and establish portal connectivity, subject to extension.","Government reporting linked the reform to a 2.5 million investor-base objective; that is policy context, not an intermediary obligation.",A final onboarding framework replaced the 2023 circular and introduced measurable processing deadlines and transition requirements.,The circular converts a general digitisation agenda into binding process obligations for specified securities and financial-market intermediaries.,"Do not infer an effective date, extend the individual-account turnaround to juridical applicants, or treat issuance as proof of intermediary compliance.","Track clarification of the immediate-connectivity language, the transition end point, extensions, portal readiness, rejection data and supervisory compliance.",High,Official register and eight-page circular were inspected directly; dates and provisions were cross-checked against two reputable reports.,Express effective date; juridical-person turnaround; reconciliation of immediate connectivity with the transition; extensions; operational compliance.,include,IN_SPAN_DEVELOPMENT
EVT-PLAT-20260901-PUNJAB-U16,Punjab Assembly reportedly passes under-16 social-media resolution,PLATFORM_TELECOM,Punjab Assembly,Punjab / Lahore,2026-09-01,2026-09-01,2026-09-01T16:51Z (B013),2026-09-01T16:51Z (B013),B013,,,S032,https://humenglish.com/latest/punjab-assembly-passes-resolution-to-ban-social-media-accounts-for-under-16s/,reported non-binding resolution; official text unavailable,A news report says the Assembly adopted a resolution urging restrictions and age verification for under-16 accounts.,,A provincial political recommendation entered the debate; no enacted platform duty followed.,"Age assurance could affect biometric processing, exclusion, appeals and federal-provincial competence.","The resolution is agenda-setting, not legislation or a PTA rule.","Obtain the official resolution and track any bill, PTA instrument or implementation design.",Low,One credible report; no official resolution text located.,Official text; legal route; verification method; retention; redress; federal authority.,include with qualification,IN_SPAN_DEVELOPMENT
EVT-PLAT-20260831-IHC-U16,IHC seeks replies in under-16 age-verification petition,PLATFORM_TELECOM,Islamabad High Court,Islamabad / federal respondents,2026-08-31,2026-08-31 and 2026-09-01,2026-09-01T16:51Z (B013),2026-09-03T02:21Z (B014),B013; B014,,,S033; S034,https://www.dawn.com/news/2026379 | https://www.brecorder.com/news/40437291/social-media-age-verification-ihc-direct-authorities-to-submit-reply,procedural notice/reply stage; no final judgment,Two news reports describe notices and a request for replies within 15 days in a petition concerning age verification.,,"The petition moved into a response stage, not final adjudication.","A future order could shape platform age assurance, regulator duties and privacy safeguards.",No substantive rule or obligation should be inferred from notice issuance.,"Retrieve the authenticated order, respondent filings and later disposition.",Medium,Two reputable reports align; court order itself was not located.,Authenticated order; petition text; respondents; filings; final disposition.,include,IN_SPAN_DEVELOPMENT
EVT-ID-20260901-NADRA-FBISE,NADRA–FBISE student identity and certificate integration agreement,DIGITAL_IDENTITY_DPI,NADRA; Federal Board of Intermediate and Secondary Education,Islamabad / national,2026-09-01,2026-09-01,2026-09-01T16:51Z (B013),2026-09-01T16:51Z (B013),B013,S035,https://www.app.com.pk/national/nadra-fbise-sign-agreement-to-integrate-student-registration-educational-certificates-system/,,,agreement signed; deployment not evidenced,"APP reports an agreement for mutual exchange of name, father’s name and date of birth, with a planned secure digital wallet for certificates.",,The agencies formalized an integration intention; no production milestone or data-protection instrument was published.,"The project involves student/child data, identity matching and credential recovery, making legal basis and safeguards consequential.",A signed agreement is not proof that a secure wallet or live data exchange is operating.,"Seek agreement text, data-flow diagrams, access controls, retention, correction, breach response, audits and launch acceptance.",Medium,Official news-agency report; underlying instrument and system evidence unavailable.,Agreement text; legal basis; production status; minimisation; access/logging; retention; child safeguards; redress.,include,IN_SPAN_DEVELOPMENT
EVT-PROC-20260818-31-AI-HUBS,National AI Hubs procurement advertised and closed,PROCUREMENT_PROGRAM_DELIVERY,MoITT — Digital Emerging Technologies Wing,Islamabad / national,2026-08-18 to 2026-08-31,2026-08-18,2026-08-18T19:38Z (B001),2026-09-03T02:21Z (B014),B001; B002; B003; B004; B005; B006; B007; B008; B009; B010; B011; B012; B013; B014,S036; S037,https://epms.ppra.gov.pk/public/tenders/tender-details/TS0000010287E | https://epads.gov.pk/opportunities/federal/procurements/71677,,,closed for bids; pre-evaluation/pre-award,"The consultancy tender was advertised 18 August and the current record shows closing at 14:00 PKT and opening at 14:30 on 31 August, single-stage two-envelope, PKR 3 million bid security and 180-day validity. No evaluation or award was visible.",The tender history retains an inconsistent 19 August closing entry.,"The procurement moved from open to closed, but not to evaluated, awarded, contracted or delivered.","The tender is a potential delivery vehicle for the National AI Policy, but no hub, site, budget expenditure or service exists merely because bidding closed.",Procurement momentum remains upstream of implementation.,"Track opening record, bidders, technical evaluation, grievance, award, contract, sites, equipment and acceptance.",High,Official procurement records; internal history conflict preserved.,Bidder/opening record; evaluation; award; contract; locations; equipment; safeguards; acceptance.,include,IN_SPAN_DEVELOPMENT
EVT-PROC-20260819-MOITT-TRAINING,MoITT AI capacity-building procurement reaches final evaluation,WORKFORCE_RESEARCH_EDUCATION,MoITT,Federal / online,2026-08-19,2026-08-19,2026-08-20T14:50Z (B002),2026-08-20T14:50Z (B002),B002,S038; S039,https://epms.ppra.gov.pk/public/tenders/tender-details/TS0000006913E | https://epms.ppra.gov.pk/public/evaluations?page=7,,,final evaluation; not awarded,"The procurement targets 20,000 online trainings; the evaluation listed 17 bids and NCBMS as lowest.",,Bid comparison reached final-evaluation stage.,"Potential workforce scale is material, but bidder ranking is not delivered training.","Outcome claims should wait for award, contract, enrolment, completion and assessment evidence.","Track award, contract value, curriculum, enrolment, completions and independent learning outcomes.",High,Official procurement record; stage distinction is clear.,Award; contract; value; provider obligations; delivery; completion and outcome evidence.,include,IN_SPAN_DEVELOPMENT
EVT-PROC-20260821-28-NAVTTC-AI-SERVICES,NAVTTC AI-enabled services procurement advances from technical to final evaluation,PROCUREMENT_PROGRAM_DELIVERY,NAVTTC,Federal / Pakistan,2026-08-21 and 2026-08-28,2026-08-21 and 2026-08-28,2026-08-21T15:05Z (B003),2026-08-28T14:52Z (B009),B003; B004; B008; B009,S040; S041; S042,https://epms.ppra.gov.pk/public/tenders/tender-details/TS0000010237E | https://epms.ppra.gov.pk/public/evaluations?page=1 | https://epms.ppra.gov.pk/public/evaluations?page=4,,,final evaluation; not awarded,A technical evaluation on 21 August covered six bids; a final evaluation dated 28 August listed Mercurial Minds as lowest evaluated bidder.,,"This was a genuine procurement-stage update, not duplicate coverage.",It narrows the likely supplier but does not establish contract execution or an operational AI-enabled service.,"Procurement registers should be read as a lifecycle, not as binary project completion.","Track award, contract, scope, data safeguards, deployment, tests and acceptance.",High,Official evaluation records at two stages.,Award; price; signed contract; implementation scope; data governance; acceptance.,include,IN_SPAN_DEVELOPMENT
EVT-PROC-20260827-PTA-DIRBS,PTA AI-powered DIRBS tender closes,AI_GOVERNANCE,Pakistan Telecommunication Authority,Federal / Pakistan,2026-08-27,2026-08-10,2026-08-18T19:38Z (B001),2026-08-27T14:06Z (B008),B001; B002; B003; B004; B005; B006; B007; B008,S043; S044,https://epms.ppra.gov.pk/public/tenders/tender-details/TS0000011207E | https://epads.gov.pk/federal/annual-plan/procurement/2473/7564/2026-27,,,closed tender; no evaluation or award,The consultancy tender advertised 10 August closed at 11:00 PKT on 27 August under a single-stage one-envelope procedure with 120-day validity. No result was visible.,Annual-plan and tender metadata do not fully align.,"Bidding closed; system design, vendor selection and deployment remain unverified.","AI use in device-registration enforcement could affect lawful device access, false positives and procedural rights.",Governance questions are material before procurement reaches operation.,"Demand legal basis, data inputs, testing, accuracy thresholds, human review, auditability, retention and appeals.",High,Official tender record for closure; technical and safeguards evidence absent.,Metadata reconciliation; evaluation; award; architecture; accuracy; human review; retention; redress.,include,IN_SPAN_DEVELOPMENT
EVT-PROC-20260820-NADRA-RACKS,"NADRA NDW racks, containment and PDU tender closes",COMPUTE_CLOUD_DATACENTRE,NADRA,Federal / Pakistan,2026-08-20,2026-07-29,2026-08-20T14:50Z (B002),2026-08-20T14:50Z (B002),B002,S045,https://epms.ppra.gov.pk/public/tenders/tender-details/TS0000010535E,,,closed tender; pre-evaluation,"The tender for NDW racks, containment systems and rack PDUs closed 20 August at 11:00 PKT with PKR 580,000 bid security and 120-day validity.",,Bidding closed without a visible downstream result.,"The procurement is enabling physical infrastructure, not proof of expanded compute capacity or service resilience.","Capacity should be counted only after delivery, testing and acceptance.","Track evaluation, award, installation, commissioning and acceptance.",High,Official procurement record.,Evaluation; award; value; delivery; commissioning; accepted capacity.,include,IN_SPAN_DEVELOPMENT
EVT-PROC-20260820-NADRA-SWITCHES,NADRA branch-switch and management-licence tender closes,CONNECTIVITY_ENERGY_RESILIENCE,NADRA,Federal / Pakistan,2026-08-20,2026,2026-08-20T14:50Z (B002),2026-08-20T14:50Z (B002),B002,S046,https://epms.ppra.gov.pk/public/tenders/tender-details/TS0000010591E,,,closed tender; pre-evaluation,"The tender covered 237 Layer-2 switches, 30 PoE switches and 267 central-management licences; it closed 20 August at 11:00 PKT with PKR 600,000 bid security and 120-day validity.",,Bidding closed without a visible evaluation or award.,It may improve branch-network manageability but is not AI compute or proven operational resilience.,Keep networking inputs distinct from compute capacity.,"Track evaluation, award, rollout, security configuration and acceptance.",High,Official procurement record.,Evaluation; award; delivery; deployment; security acceptance.,include,IN_SPAN_DEVELOPMENT
EVT-PROC-20260828-WHO-BALOCHISTAN-GIS,WHO GIS-enabled EPI microplanning and NEIR integration RFP updated,PROCUREMENT_PROGRAM_DELIVERY,World Health Organization Pakistan,Balochistan,2026-08-27 pre-bid meeting; deadline extended to 2026-09-06,2026-08-24 in B006 capture; current page displays 2026-08-28,"2026-08-24T19:25Z (B006, earlier schedule observed)",2026-09-03 verification,B006,S047,https://www.ungm.org/Public/Notice/310156,,,open RFP; deadline extended; pre-award,B006 captured the notice on 24 August and transcribed its publication field as 24 August; the current mutable UNGM page instead displays publication on 28 August. The current page also records a 27 August 14:00 PKT pre-bid meeting and an extended deadline of 6 September 2026 at 11:00 PKT for GIS-enabled EPI microplanning and NEIR integration.,The observed publication date conflicts: 24 August in B006 versus 28 August on the current page. The page also retains superseded 24 and 31 August deadlines in its update history.,The mutable record and schedule were revised; no award or implementation occurred in the period.,"The procurement involves geospatial and immunisation data, requiring careful access, retention, hosting and public-health governance.","It is a live procurement signal, not a deployed health-data system.","Track award, architecture, security, hosting, role-based access, retention and ethics controls.",High,Current international procurement record opened directly; version history preserved.,Award; contract; data controller/processor roles; hosting; access; retention; ethics; production acceptance.,include,IN_SPAN_DEVELOPMENT
EVT-TEL-20260827-JAZZ-5G,"Jazz reports reaching 1,000 live 5G sites",PLATFORM_TELECOM,Jazz,Ten Pakistani cities,2026-08-27,2026-08-27,2026-08-28T14:52Z (B009),2026-08-28T14:52Z (B009),B009,S048; S049,https://jazz.com.pk/media-center/detail/jazz-becomes-first-operator-to-reach-1000-5g-sites | https://jazz.com.pk/media-center/detail/jazz-secures-190-mhz-spectrum-to-accelerate-pakistans-5g-future,,,company-reported operational footprint,"Jazz publicly reported 1,000 live 5G sites across ten cities, a target of 2,500 by end-2026, 190 MHz of spectrum and a prior US$1 billion commitment.",Operational-site and investment figures are company claims.,The operator announced a footprint milestone during the reporting period.,"5G reach influences edge connectivity and enterprise/cloud adoption, but site count does not establish coverage quality, affordability or realized capex.",Treat the milestone as direct-company evidence pending independent coverage/QoS validation.,"Verify coverage maps, independent QoS, spectrum deployment and realized investment.",Medium,Direct company release; independent validation absent.,Site definitions; geographic coverage; QoS; user access; realized capex.,include,IN_SPAN_DEVELOPMENT
EVT-TEL-20260821-25-FAB-MONITORING,FAB signs spectrum-monitoring equipment contract,CONNECTIVITY_ENERGY_RESILIENCE,Frequency Allocation Board; Rohde & Schwarz,Islamabad / national,2026-08-21,2026-08-25,2026-08-29T14:38Z (B010),2026-08-29T14:38Z (B010),B010,S050,https://epms.ppra.gov.pk/public/contracts/contract-details/PCN-3884318406,,,signed contract; commissioning unverified,"The contract record lists Rohde & Schwarz, PKR 196,308,167, two bids, three digital RF receivers, four sensor systems, training, one-year warranty and ten-year support; signed 21 August and published 25 August.",,The procurement reached signed-contract stage.,"It can strengthen spectrum oversight relevant to 5G reliability, but equipment is not operational until installed and accepted.",This is stronger than an evaluation but weaker than commissioned capability.,"Track delivery, installation, training, commissioning, acceptance and utilisation.",High,"Official contract record with vendor, value and scope.",Delivery; installation sites; commissioning; acceptance; operational use.,include,IN_SPAN_DEVELOPMENT
EVT-INF-20260821-SKY47-COMMERCE,Commerce Ministry explores sovereign cloud and AI trade infrastructure with PDA and Sky47,COMPUTE_CLOUD_DATACENTRE,Ministry of Commerce; PDA; Sky47,Federal / Pakistan,2026-08-21,2026-08-21,"2026-09-01T16:51Z (B013, retrospective extraction)",2026-09-01T16:51Z (B013),B013,S051,https://pid.gov.pk/site/press_detail/33671,,,exploratory meeting / technical consultation,"The minister held separate meetings with PDA and Sky47 on data exchange, sovereign cloud, cybersecurity, disaster recovery, AI-enabled trade analysis and procurement reform; teams were directed to continue technical consultations and develop proposals.",Sky47 briefed the minister on existing infrastructure and expansion plans.,"A government-use discussion occurred; no contract, migration or activation was reported.","The discussion identifies possible public-sector demand and governance questions around authorized data, procurement and domestic hosting.","The 8.5 MW Karakoram-01 capacity belongs to a July baseline, not this meeting.","Track approved architecture, procurement, data classification, cloud contracts, migration and acceptance.",High,Official release directly supports the meeting and forward-looking status.,Proposal; contract; workloads; hosting; data-sharing controls; budget; acceptance.,include,IN_SPAN_DEVELOPMENT
EVT-PART-20260827-RESECURITY-SKY47,Resecurity–Sky47 cybersecurity cooperation MoU announced,FUNDING_INVESTMENT_PARTNERSHIP,Resecurity; Sky47,Pakistan,signing date and place unstated; first-party announcement 2026-08-27,"2026-08-27; advertorial 2026-08-29, modified 2026-08-31",2026-08-29T14:38Z (B010),2026-09-03T04:15Z (verification),B010,S086,https://www.linkedin.com/posts/sky47limited_sky47-resecurity-cybersecurity-activity-7498665122295517184-fA11,S087; S055,https://c-suite.exchange/sky47-and-resecurity-sign-mou-to-strengthen-cybersecurity-collaboration/ | https://www.dawn.com/news/2025965/resecurity-and-sky47-partner-to-enable-sovereign-cybersecurity-and-ai-infrastructure-in-pakistan,signed exploratory MoU; no deployment or service contract,Sky47 announced the signing of an MoU with Resecurity and said the parties will explore cooperation. The first-party announcement was posted on 27 August at approximately 13:58 PKT; neither it nor later reports states the physical signing date or place.,"A Resecurity-supplied Dawn advertorial says the parties intend to explore secure deployment models for threat intelligence, fraud prevention, digital-risk monitoring, identity protection, AI-powered cybersecurity workloads and GPU-enabled infrastructure.","A prospective cooperation framework was signed and announced; no customer, value, duration, workload, capacity or delivery date was disclosed.",It indicates private demand for data residency and in-country hosting but does not quantify realized capacity.,"Treat the MoU as a verified relationship milestone, not as service delivery or proof of new AI/GPU capacity.","Verify contracts, customers, data-processing terms, certifications, GPU inventory, deployment and exit obligations.",High,First-party announcement verifies the MoU and prospective language; delivery remains low-confidence and the signing date is unknown.,Physical signing date/place; term; value; contract; customers; workloads; facility; GPUs; processing terms; certifications; deployment.,include,IN_SPAN_DEVELOPMENT
EVT-RD-20260829-PSEB-NED,PSEB–NED semiconductor education and research cluster contract signed,WORKFORCE_RESEARCH_EDUCATION,Pakistan Software Export Board; NED University,Karachi / South Region,2026-08-29,2026-08-29,2026-08-29T14:38Z (B010),2026-08-29T14:38Z (B010),B010,S088; S089; S090,https://pid.gov.pk/site/press_detail/33749 | https://techdestination.com/wp-content/uploads/2025/09/Request-for-Proposal-NSHRDP-SERC-Procurement-2.51.pdf | https://pid.gov.pk/site/press_detail/32338,S056; S057,https://www.moitt.gov.pk/NewsDetail/MTJmOTg2OGQtOTNlYi00MDZjLTk0MDktNGRiMmQzMTEzYTdm | https://www.neduet.edu.pk/content/events,contract signed / lead-university designation; commencement and disbursement unverified,"PID reports a contract naming NED the South Region lead university and completing three regional SERC agreements. It reports 270 students across all regions and a target exceeding 7,200 professionals by 2030. The procurement framework requires inspection and a commencement certificate before academic activity and disbursement.","The ministry says INSPIRE moves into full-scale implementation. The PKR 4.844 billion figure cited elsewhere is the entire National Semiconductor Human Resource Development Program budget, not this NED contract.",The South Region institutional agreement was reported complete.,"This creates an institutional workforce/research structure, though training targets are not yet completed outcomes.","The contract milestone is stronger than an MoU, but it does not establish commencement, disbursement, laboratories, training or completed outputs; the NED contract value is undisclosed.","Track contract publication, funding, labs, equipment, enrolment, completion and placements/research outputs.",High,Official PID release and procurement framework support contract status and downstream conditions; contract text and delivery evidence are absent.,Contract text/value; commencement certificate; disbursement; lab specifications; delivery calendar; enrolment by cluster; outputs.,include,IN_SPAN_DEVELOPMENT
EVT-PUNJAB-20260828-DATALAKE,Punjab announces Data Lake and OneMap integration claims,DIGITAL_IDENTITY_DPI,Government of Punjab,Punjab / Lahore; announcement at Guiyang event,2026-08-28,2026-08-28,2026-08-28T14:52Z (B009),2026-09-01T16:51Z (B013),B009; B010; B013,S058,https://www.app.com.pk/punjab/maryam-delivers-thought-provoking-address-at-big-data-industry-expo/,,,officially claimed launch/integration; technical operation unverified,"APP relays Punjab claims of more than 12 TB of geospatial data, 31 departments and over 6,000 datasets in a Data Lake/OneMap context, alongside sovereign-cloud and AI-office ambitions.",,The province publicly framed a cross-department data platform as a delivery milestone.,"Centralised geospatial/government data can improve planning while magnifying legal-basis, access, security, correction and reuse risks.","Treat quantities as government claims; no technical acceptance, architecture or legal instrument was located.","Verify datasets, controllers, hosting, access, audit, retention, public transparency and acceptance tests.",Medium,Official news-agency report; underlying technical and legal evidence unavailable.,Legal basis; architecture; dataset inventory; hosting; access; retention; audit; procurement; acceptance.,include,IN_SPAN_DEVELOPMENT
EVT-KP-20260828-DIGITAL-DELIVERY,KP government reports digital-service and cyber delivery,DIGITAL_IDENTITY_DPI,Government of Khyber Pakhtunkhwa,Khyber Pakhtunkhwa,2026-08-27,2026-08-28,2026-08-28T14:52Z (B009),2026-08-28T14:52Z (B009),B009,S059,https://dgipr.kp.gov.pk/stit-28-8-26/,S091,https://tribune.com.pk/story/2626183/citizen-facilitation-centres-planned?amp=1,district-centre directive plus provincial self-report; outcomes not independently verified,"At a 27 August performance briefing, the minister directed establishment of citizen facilitation centres in every district. The department also self-reported six model IT labs in merged-district schools, six digitised departments, an established Cyber Response Emergency Centre and a Peshawar citizen centre ready for inauguration.",,A new province-wide facilitation-centre directive was issued while earlier delivery items were restated as institutional claims.,"The portfolio suggests subnational service capacity but cannot be compared without budgets, service volumes and outcome measures.","Institutional self-report is evidence of a claim, not independent proof of effectiveness.","Obtain project lists, budgets, named sites, usage, uptime, incident and outcome metrics.",Medium,Official provincial statement supports the meeting and directive; operational assertions are not independently audited.,District rollout plan; budgets; centre list; opening dates; service volumes; uptime; cybersecurity outcomes; independent validation.,include,IN_SPAN_DEVELOPMENT
EVT-PUNJAB-20260828-HUAWEI,Punjab and Huawei announce AI-training commitments and discuss data centres,FUNDING_INVESTMENT_PARTNERSHIP,Government of Punjab; Huawei,Punjab / Nawaz Sharif IT City,2026-08-28,2026-08-28; secondary report 2026-08-29,2026-08-29T14:38Z (B010),2026-08-29T14:38Z (B010),B010,S092,https://www.app.com.pk/punjab/punjab-cm-huawei-agree-to-expand-ai-digital-cooperation/,S060,https://www.brecorder.com/news/40436971/punjab-huawei-agree-to-expand-ai-digital-cooperation,government–vendor meeting and announced commitments; no signed instrument or award,"APP reports a 28 August meeting and commitments to train 1,000 Punjab youth as Huawei master trainers and 300 women trainers in AI. Six data centres, including a sovereign centre at Nawaz Sharif IT City, were discussed; an AI Delivery Unit was proposed; Punjab stated a 2029 target for an AI-integrated system.","The sources do not clarify whether the 300 women are included within or additional to the 1,000 youth. Separate language describing a four-tier system is not evidence of a Tier IV data-centre classification.","Training commitments and infrastructure proposals were announced at a meeting, without a published MoU, contract, financing or delivery schedule.","Vendor concentration, procurement, data residency, power and exit terms would be material if the proposal advances.",Do not count six operational data centres or committed capacity from this report.,"Seek the agreement, financing, sites, capacity, procurement route, power plan, safeguards and acceptance milestones.",Medium,"Government-side APP account verifies the announcement; Huawei confirmation and operative instruments are absent, and delivery confidence is low.",Signed text; financing; sites; capacity; procurement; power; data controls; delivery.,include with qualification,IN_SPAN_DEVELOPMENT
EVT-PUNJAB-20260830-ALIBABA,Punjab and Alibaba Cloud discuss AI public-service partnership,FUNDING_INVESTMENT_PARTNERSHIP,Government of Punjab; Alibaba Cloud,Punjab / meeting in China,2026-08-30,2026-08-30,2026-08-30T14:57Z (B011),2026-08-31T14:55Z (B012),B011; B012,S061; S062,https://www.app.com.pk/punjab/alibaba-cloud-shows-keen-interest-in-punjabs-it-sector-cm-maryam-invites-chinese-ai-collaboration/ | https://radio.gov.pk/30-08-2026/ai-being-integrated-into-governance-system-in-punjab-cm,S093; S094,https://tribune.com.pk/story/2626664/chinese-firm-shows-interest-in-punjab-it-sector?amp=1 | https://radio.gov.pk/24-05-2026/pakistan-alibaba-group-ink-agreements-to-boost-digital-economy-cooperation,exploratory discussion / potential partnership,"Official media report a 30 August exploratory meeting on a potential strategic partnership using AI in agriculture, healthcare, socio-economic programmes and climate forecasting; an Alibaba executive said data-centre discussions were under way.","The executive's reference to an MoU signed before the prime minister appears to concern earlier national agreements, not a new Punjab agreement on 30 August.","A vendor-government discussion occurred; no signed text, workload or implementation followed in the period.","Potential public-service AI creates procurement, hosting, transfer, accountability and vendor-exit questions.","The available evidence supports exploration, not an operational deployment.","Track agreement, site, financing, datasets, model governance, procurement, hosting and acceptance.",Medium,Two official-state reports align on a discussion; implementation evidence absent.,Any new signed text; relationship to May national agreements; scope; financing; capacity; data flows; models; hosting; procurement; launch.,include,IN_SPAN_DEVELOPMENT
EVT-KP-20260828-WORLDBANK-DIGITAL-ENERGY,"KP–World Bank talks link digital infrastructure, AI and energy",FUNDING_INVESTMENT_PARTNERSHIP,Government of Khyber Pakhtunkhwa; World Bank,Khyber Pakhtunkhwa / Peshawar,2026-08-28 (page says Friday),2026-08-31,2026-08-31T14:55Z (B012),2026-09-03T02:21Z (B014),B012; B014,S063,https://dgipr.kp.gov.pk/world-bank-delegation-meets-khyber-pakhtunkhwa-government-to-discuss-it-digital-infrastructure-and-energy-initiatives/,S095,https://www.brecorder.com/news/40437177/advisor-cs-kp-world-bank-team-discuss-it-digital-infrastructure-list-6,exploratory meeting; joint working group agreed; no financing,"The provincial release was published 31 August and says the meeting occurred Friday, which resolves to 28 August. It reports agreement to create a joint working group to examine technical and other modalities around digital transformation, AI, a KP data centre, hydropower and transmission.",,"The parties agreed an exploratory working-group mechanism; no World Bank finance, project approval, assessment, site or technical parameters were disclosed.",The linkage recognizes that compute infrastructure depends on reliable power and transmission.,"It is planning-stage evidence, not World Bank financing or a data-centre commitment.","Track formal assessment, working group, finance, site, load, grid and safeguards.",Medium,Official provincial release and calendar inference support the meeting and working group; no World Bank source independently confirms it.,World Bank confirmation; working-group terms; assessment; financing; site; capacity; energy plan.,include,IN_SPAN_DEVELOPMENT
EVT-INTL-20260901-SAUDI-CLOUD-MEETING,Pakistan and Saudi Arabia announce deeper cloud and cybersecurity cooperation,FUNDING_INVESTMENT_PARTNERSHIP,MoITT; Saudi Ministry of Communications and Information Technology,Riyadh / Pakistan–Saudi,2026-09-01,2026-09-01,2026-09-01T16:51Z (B013),2026-09-01T16:51Z (B013),B013,S064,https://www.app.com.pk/national/shaza-meets-saudi-minister-of-communications-and-information-technology/,,,ministerial cooperation announcement; no cloud project instrument,"APP reports that ministers agreed to enhance cooperation in cloud infrastructure and cybersecurity and discussed B2B partnerships, technology exports, investment, skills and technology transfer.",,A ministerial cooperation statement entered the record.,"It could open investment and export channels, but no cloud workload, capital commitment, safeguards or timetable exists in the evidence.",This cloud-cooperation announcement is separate from the Saudi NCA–MoITT cybersecurity MoU and should not be converted into a funded infrastructure project.,"Track instrument, counterparties, workplan, financing, hosting, transfers, security and exit terms.",Medium,Official news-agency report; no bilateral text or project documentation.,Instrument; projects; finance; parties; workplan; hosting; data transfers; cybersecurity obligations.,include,IN_SPAN_DEVELOPMENT
EVT-INTL-20260901-SAUDI-NCA-CYBER-MOU,Saudi NCA and Pakistan MoITT sign cybersecurity MoU,CYBERSECURITY,Saudi National Cybersecurity Authority; Pakistan Ministry of IT and Telecommunication,Riyadh / Pakistan–Saudi,2026-09-01,2026-09-01; Pakistani corroboration 2026-09-02,2026-09-03T04:15Z (verification; not captured in B001–B014),2026-09-03T04:15Z (verification),,S096,https://nca.gov.sa/ar/news/2581/,S097; S098,https://www.radio.gov.pk/02-09-2026/pakistan-saudi-arabia-sign-mou-in-area-of-cybersecurity | https://www.app.com.pk/national/pakistan-saudi-arabia-sign-cybersecurity-agreement/,signed bilateral cybersecurity MoU; implementation not evidenced,The Saudi National Cybersecurity Authority and Pakistan's MoITT signed a cybersecurity MoU on 1 September in Riyadh. The Saudi authority's page is dated 1 September and was last modified at 16:23 AST; Pakistani official outlets corroborated the signing on 2 September.,Official accounts describe cooperation in cybersecurity without publishing the full instrument.,A formal bilateral cybersecurity instrument was signed; the supplied briefing set missed it despite covering adjacent Saudi meetings.,The event is substantively stronger than a ministerial discussion and exposes the monitoring corpus's severe cadence and discovery gaps.,"Signed-instrument status is verified, but no operational programme, budget or transfer mechanism should be inferred.","Obtain the MoU, term, workplan, participating agencies, funding, information-sharing rules, data safeguards and delivery evidence.",High,A first-party Saudi authority release and two Pakistani official sources independently confirm signing; implementation particulars are absent.,Full text; term; workplan; financing; data-sharing; operational mechanism; outputs.,include; verification-discovered event absent from briefing corpus,IN_SPAN_DEVELOPMENT
EVT-INTL-20260901-SAUDI-SDAIA-AI-DATA,Pakistan and Saudi data authority discuss AI and data-governance cooperation,DATA_PROTECTION_GOVERNANCE,Pakistan MoITT; Saudi Data and Artificial Intelligence Authority,Riyadh / Pakistan–Saudi,2026-09-01,2026-09-01,2026-09-03T04:15Z (verification; not captured in B001–B014),2026-09-03T04:15Z (verification),,S109,https://www.app.com.pk/national/pakistan-saudi-arabia-agree-to-strengthen-cooperation-in-ai-data-governance/,,,exploratory official meeting; no instrument or project,APP reports a 1 September meeting between Pakistan's IT minister and the Saudi Data and Artificial Intelligence Authority on possible cooperation in AI and data governance.,,A separate AI/data-governance dialogue appeared during verification but was absent from the briefing corpus.,"It signals international policy coordination, while the absence of an instrument leaves obligations and implementation undefined.","Treat as agenda-setting, not a signed agreement, funded programme or shared-data arrangement.","Track any signed instrument, workplan, standards alignment, cross-border data terms, projects, financing and safeguards.",Medium,An official news-agency report verifies the meeting; no Saudi first-party confirmation or instrument was located.,Counterparty confirmation; instrument; workplan; projects; financing; data transfers; safeguards.,include with qualification; verification-discovered event absent from briefing corpus,IN_SPAN_DEVELOPMENT
EVT-DPI-20260901-OPEN-STACK,Pakistan says national digital stack is under development and may be shared when complete,DIGITAL_IDENTITY_DPI,MoITT; Pakistan Digital Authority,Riyadh announcement / international recipients,2026-09-01,2026-09-01,2026-09-01T16:51Z (B013),2026-09-01T16:51Z (B013),B013,S099,https://moitt.gov.pk/NewsDetail/NWI0ZjIwOTctYzc1Ny00NzBkLTliNGQtMzc2NWQxOTQyMzlk,S065,https://www.arabnews.pk/pakistan/minister-tells-saudi-expo-pakistan-will-share-digital-infrastructure-free-with-emerging-economies-3000008,under development; future sharing intention; not released or deployed,"MoITT says Pakistan is developing a national digital stack spanning identity, data and payments and intends to share it free with frontier and emerging economies when complete. The event pavilion included 25 startups and 50 Pakistani technology firms; those are event-context figures, not stack capacity.",,An outward-facing future-sharing intention was announced while the official source expressly described the stack as unfinished.,"Exportable DPI could create interoperability and influence, but also transfers domestic governance assumptions across jurisdictions.","No released code, licence, completed system or international deployment exists in the evidence; free-to-share is not yet a verified open-source release.","Verify repositories, licence, architecture, security audit, recipients, budget and pilots.",High,Official ministry source directly states the under-development status; completion and future sharing remain unverified.,Code; licence; readiness; architecture; recipients; security; privacy; audited pilots.,include with qualification,IN_SPAN_DEVELOPMENT
EVT-PUNJAB-20260902-AUQAF-AI,Punjab Auqaf reports AI-assisted monitoring at model shrines,AI_GOVERNANCE,Punjab Auqaf and Religious Affairs Department,Punjab,2026-09-02,2026-09-02,2026-09-03T02:21Z (B014),2026-09-03T02:21Z (B014),B014,S066,https://auqaf.punjab.gov.pk/node/835,,,authority-reported operation; system assurance unavailable,"The department says digital monitoring is operational and that 10 of 16 model shrines are connected, naming sites including Badshahi Mosque and Baba Bulleh Shah’s shrine.",The authority labels the system AI-based.,A provincial department reported a live deployment footprint.,"Monitoring in religious/public spaces raises proportionality, biometric, retention, security, accuracy and redress issues.",Operational scope and AI function remain unverified beyond the department’s account.,"Obtain procurement, vendor, model/function description, legal basis, data map, retention, audit and complaints process.",Medium,Official authority statement; no independent system evidence or assurance artefacts.,Vendor; contract; AI function; biometrics; lawful authority; retention; accuracy; human review; redress.,include,IN_SPAN_DEVELOPMENT
EVT-PUNJAB-20260902-PBTE-DIGITISATION,PBTE reports examination digitisation and assigns policy review,DIGITAL_IDENTITY_DPI,Punjab Board of Technical Education; Punjab Industries Department,Punjab,2026-09-02,2026-09-02,2026-09-03T02:21Z (B014),2026-09-03T04:15Z (verification),B014,S100; S067,https://www.app.com.pk/business/punjab-industries-minister-chairs-pbte-board-meeting/ | https://vid.app.com.pk/vid/2026/09/%D8%B5%D9%88%D8%A8%D8%A7%D8%A6%DB%8C-%D9%88%D8%B2%DB%8C%D8%B1-%D8%B5%D9%86%D8%B9%D8%AA-%D9%88-%D8%AA%D8%AC%D8%A7%D8%B1%D8%AA-%DA%86%D9%88%D8%AF%DA%BE%D8%B1%DB%8C-%D8%B4%D8%A7%D9%81%D8%B9-%D8%AD-41/,,,"board meeting and authority-reported digitisation; policies assigned for review, not finalised","APP reports a 15-point PBTE board agenda and authority claims that examination-centre monitoring, e-marking and digital paper transmission had been introduced. Eleven assessment and certification policies were assigned for review rather than approved as final instruments.",,PBTE reported digitisation measures and initiated policy review; no system acceptance or final policy text was produced.,"Digital examination systems affect integrity, access, security, auditability and student redress.","Institutional self-report is not independent proof of system performance, and assignment for review is not policy adoption.","Track system procurement, operating scope, security and accessibility testing, incident records, final policy approval and publication.",Medium,Official news-agency account verifies the meeting and claims; underlying systems and policy texts are unavailable.,System/vendor details; legal basis; acceptance tests; security; accessibility; audit; final policy texts.,include,IN_SPAN_DEVELOPMENT
EVT-PUNJAB-20260902-PTUT-AI-COURSES,Punjab minister announces planned PTUT AI courses,WORKFORCE_RESEARCH_EDUCATION,Punjab Tianjin University of Technology; Punjab Industries Department,Punjab,2026-09-02,2026-09-02,2026-09-03T02:21Z (B014; originally conflated with PBTE),2026-09-03T04:15Z (verification),B014,S100; S067,https://www.app.com.pk/business/punjab-industries-minister-chairs-pbte-board-meeting/ | https://vid.app.com.pk/vid/2026/09/%D8%B5%D9%88%D8%A8%D8%A7%D8%A6%DB%8C-%D9%88%D8%B2%DB%8C%D8%B1-%D8%B5%D9%86%D8%B9%D8%AA-%D9%88-%D8%AA%D8%AC%D8%A7%D8%B1%D8%AA-%DA%86%D9%88%D8%AF%DA%BE%D8%B1%DB%8C-%D8%B4%D8%A7%D9%81%D8%B9-%D8%AD-41/,,,ministerial launch intention for September; delivery not evidenced,"The minister said AI courses were being launched during September at Punjab Tianjin University of Technology. The announcement did not identify course titles, intake, budget, faculty or a confirmed first class.",,"A provincial workforce intention was announced for PTUT, distinct from the PBTE board action described in the same report.","Technical-education pathways could broaden skills supply, but no scale or delivery can yet be assessed.","A planned launch is not enrollment, instruction or completion, and the programme should not be attributed to PBTE.","Track university notification, curricula, instructors, budget, enrolment, first teaching date and outcomes.",Low,Official news-agency account supports the ministerial statement; no university artefact or delivery evidence was found.,Notification; curriculum; intake; faculty; budget; enrolment; start date; completion and placement outcomes.,include with qualification,IN_SPAN_DEVELOPMENT
BASE-AIPOL-20250730-31,National Artificial Intelligence Policy 2025 approved,AI_GOVERNANCE,Federal Cabinet; MoITT,Federal / Pakistan,2025-07-30/31,2025-07-31; 2025-07-30,2026-08-18T19:38Z (B001),2026-09-03T02:21Z (B014),B001; B002; B003; B004; B005; B006; B007; B008; B009; B010; B011; B012; B013; B014,S001; S002,https://www.moitt.gov.pk/Policies | https://www.moitt.gov.pk/SiteImage/Policies/National%20AI%20Policy.pdf,S003,https://www.radio.gov.pk/30-07-2025/federal-cabinet-approves-hajj-policy-2026-artificial-intelligence-policy-2025,approved policy; implementation instruments not located,"MoITT marks the policy Approved with 31 July 2025 approval date; Radio Pakistan reports Cabinet approval on 30 July. The policy envisages an AI Council, implementation cell, action matrix, funds, sandboxes and a public AI register.",,No separate constitutive or operating instrument for the major implementation mechanisms was located during the reporting span.,"The policy is the strategic baseline but does not itself prove funded programmes, institutions or enforcement.",Keep policy approval distinct from execution.,"Track constitutive notices, budgets, action matrix, sandboxes, register and delivery metrics.",High,Official policy register and text; implementation non-location is bounded.,One-day approval-date discrepancy; Council/cell/fund constitution; budget; master plan; implementation evidence.,include as baseline,BASELINE_CARRY_IN
BASE-AIBILL-20240909,"Regulation of Artificial Intelligence Bill, 2024 withdrawn/disposed",AI_GOVERNANCE,Senate of Pakistan,Federal / Pakistan,2024-09-09,live or undated source; see source register,2026-08-18T19:38Z (B001),2026-08-21T15:05Z (B003),B001; B002; B003,S004,https://www.senate.gov.pk/en/billsummary.php?bid=1544,,,withdrawn/disposed; not enacted,"The Senate records introduction and referral on 9 September 2024, committee inaction, and withdrawal/disposal under standing orders.",,No successor AI statute was verified during the period.,Pakistan’s AI policy does not rest on this withdrawn bill as an operative law.,Do not cite it as enacted authority.,Track any new federal AI bill from introduction onward.,High,Official parliamentary disposition.,Any successor legislative proposal.,include as legal baseline,BASELINE_CARRY_IN
BASE-DGP-20260626,National Data Governance Policy 2026 remains draft/finalisation-stage,DATA_PROTECTION_GOVERNANCE,MoITT; PDA,Federal / Pakistan,2026-06-26 to 2026-08-21,2026-06-30; 2026-08-05; 2026-08-21,2026-08-18T19:38Z (B001),2026-09-03T02:21Z (B014),B001; B002; B003; B004; B005; B006; B007; B008; B009; B010; B011; B012; B013; B014,S001; S009; S010; S011,https://www.moitt.gov.pk/Policies | https://www.pda.gov.pk/press-details.php?id=data-governance-policy | https://pda.gov.pk/press-details.php?id=pda-dgp-consultation | https://pda.gov.pk/press-details.php?id=from-fragmentation-to-federation,,,draft; consultation concluded; finalisation pending,"MoITT currently labels Data Governance Policy 2026 Draft, dated 26 June. PDA invited comments on 30 June, said on 5 August it would incorporate feedback before finalising, and still used draft language on 21 August.",,"No approval, notification or commencement evidence was found.",Government data-sharing initiatives remain ahead of a final national governance policy.,Final-stage process language is not final issuance.,"Track final text, approval, notification, implementation plan and institutional mandates.",High,Multiple current official sources align on draft/finalisation status.,Final text; approval; notification; commencement; implementation plan.,include as baseline,BASELINE_CARRY_IN
BASE-PDP-2023-2026,No enacted horizontal personal-data law verified,DATA_PROTECTION_GOVERNANCE,MoITT; Parliament,Federal / Pakistan,2018-2026 lineages,2026-05-14,2026-08-18T19:38Z (B001),2026-09-03T02:21Z (B014),B001; B002; B003; B004; B005; B006; B007; B008; B009; B010; B011; B012; B013; B014,S005; S006; S007; S008; S085,https://www.moitt.gov.pk/Legislations | https://na.gov.pk/uploads/documents/6a1d62bdce349_708.pdf | https://senate.gov.pk/en/pbs.php?catid=1&cattitle=Bills&leftcatid=278&subcatid=276 | https://senate.gov.pk/en/acts.php | https://www.na.gov.pk/en/acts.php,,,multiple drafts/withdrawn bill; no Act verified,"MoITT lists 2018, 2020 and May 2023 executive drafts. A separate 2023 private member’s bill was withdrawn/disposed. A May 2026 parliamentary answer says MoITT finalised a bill/proposal, while current Acts registers show no horizontal Personal Data Protection Act.",,"No passage, assent, Gazette or commencement was verified in the supplied span.","Public-sector data integration, AI and cloud activity continue without a verified horizontal statute in force.","Do not merge executive drafts, a withdrawn private bill and a ministry-finalised proposal into one legislative lifecycle.","Track an introduced government bill, committee text, passage, assent, Gazette and commencement.",Medium,Official registers support the lineage and non-enactment; negative finding is bounded to registers checked.,Current government bill text; Cabinet approval; introduction; parliamentary path; transition rules.,include as legal baseline,BASELINE_CARRY_IN
BASE-PISF-20260810-11,Pakistan Information Security Framework 2026 approved and published,CYBERSECURITY,Federal Cabinet; PKCERT,Federal / covered public and CII entities,2026-08-10/11,2026-08-11; 2026,2026-08-18T19:38Z (B001),2026-09-03T02:21Z (B014),B001; B013; B014,S012; S013; S014,https://www.moib.gov.pk/News/66315 | https://pkcert.gov.pk/grc-policies.asp | https://pkcert.gov.pk/uploads/2026/03/PISF_Merged-Version.pdf,S015,https://www.dawn.com/news/2022051/cabinet-okays-housing-policy-cybersecurity-framework,Cabinet-approved and published framework; legal force qualified,"PKCERT publishes the revised framework and control suite. The text uses mandatory baseline language for federal/provincial ministries, departments, autonomous bodies, corporations, CERTs and designated CII, with oversight/audit roles. Government and news reporting describe Cabinet approval.",,No standalone PISF SRO or implementation report was located in the monitoring period.,The framework provides a concrete public-sector/CII security baseline but is not a generally applicable private-sector statute.,Stronger than aspiration for expressly covered entities; exact enforcement route requires qualification.,"Track implementing directions, audit results, sectoral adoption, incidents and enforcement.",High,Official framework text and register; medium confidence on enforceability absent standalone notification.,Exact Cabinet date; standalone notification; audit/enforcement practice; coverage designations.,include as baseline,BASELINE_CARRY_IN
BASE-DNP-WASL-20260426-0513,DNP/WASL standards remain Pilot; supporting documents remain working drafts,DIGITAL_IDENTITY_DPI,PDA / Digital Nation Pakistan,Federal / pilot participants,2026-04-26 and 2026-05-13,live or undated source; see source register,2026-08-24T19:25Z (B006),2026-09-03T02:21Z (B014),B006; B007; B009; B010; B011; B012; B014,S016,https://standards.dnp.gov.pk/register.html,,,Pilot publications; not gazetted regulatory class,"The register shows DNP-X.001 and DNP-D.002 as Pilot/PUB dated 13 May, and DNP-D.250 and DNP-D.300 as Pilot/WD dated 26 April. The framework defines Pilot as mandatory only for pilot participants; REG is the legally binding gazetted class.",,No final REG instrument or separate participation regulation appeared.,Identity/data-exchange architecture is being piloted before a final binding framework is visible.,Published architecture is not equivalent to generally binding participation rules.,"Track DNP-D.050 REG, participation regulation, security audits and production onboarding.",High,Official standards register and documents.,Missing referenced DNP-D.050 REG; participation rules; production scope; audits.,include as baseline,BASELINE_CARRY_IN
BASE-ETDC-20260618-25,Emerging Technologies Data Centre recommended to ECNEC and entered PSDP,COMPUTE_CLOUD_DATACENTRE,Planning Commission; Defence Division / Ministry of Defence,Federal / Pakistan,official portfolio action 2026-06-18; public announcement 2026-06-25,2026-06-25; 2026-07; 2026,2026-08-18T19:38Z (B001),2026-09-03T02:21Z (B014),B001; B006; B007; B010; B013; B014,S068; S105; S106; S107; S108,https://www.pc.gov.pk/web/press/get_press/1702 | https://pid.gov.pk/site/press_detail/33093 | https://pc.gov.pk/uploads/pub/Monthly-Development-Update-July-2026.pdf | https://pc.gov.pk/uploads/archives/PSDP_2026-27_Final.pdf | https://pc.gov.pk/uploads/annualplan/Annual-Plan-2026-27.pdf,,,CDWP in-principle approval / recommendation to ECNEC; PSDP-allocated; ECNEC approval unverified,"Official portfolio records give an exact project cost of PKR 7,930.000 million and date the CDWP action 18 June, while contemporaneous Planning Commission and PID releases dated 25 June say the committee met that day. The final PSDP lists ETDC under Defence Division new schemes with zero expenditure through 30 June, a PKR 7,930 million throw-forward and PKR 100 million FY2026–27 allocation.","The project is described as a secure, sovereign, government-owned AI and high-performance-computing facility for cloud, analytics, government, academia, research and private-sector use.","No later ECNEC approval, fund release, procurement, construction, commissioning or acceptance was located through the cutoff.","It is a potential public compute anchor, but a budget allocation and referral add no usable compute capacity.","Preserve the official date conflict and separate recommendation, allocation, release, expenditure, construction, commissioning and utilization.","Track ECNEC decision, revised PC-I, releases, procurement, site, power, cooling, connectivity, GPU inventory and acceptance.",High,"Multiple official planning and budget documents confirm cost, referral and allocation; implementation confidence remains low.",Correct committee date; ECNEC decision; releases; PC-I; site; MW/IT load; GPUs; delivery; utilization.,include as baseline,BASELINE_CARRY_IN
BASE-NAIEDP-20260625,National AI Ecosystem Development Program proposal considered by CDWP,PROCUREMENT_PROGRAM_DELIVERY,Planning Commission; MoITT,Federal / Pakistan,2026-06-25,2026-06-25,2026-08-18T19:38Z (B001),2026-09-03T02:21Z (B014),B001; B006; B007; B010; B013; B014,S068,https://www.pc.gov.pk/web/press/get_press/1702,,,PKR 13 billion in-principle/recommended to ECNEC; not delivered,"The Planning Commission release describes a PKR 13 billion programme including a feasibility study and upgraded PC-I, recommended onward rather than finally delivered.",,"No final approval, release, award or output was verified.","It may become a national programme vehicle, but pipeline status is upstream of spending and outcomes.",Planning approval language must not be treated as a funded programme.,"Track ECNEC, PC-I, releases, procurement and outcome metrics.",High,Official planning release supports amount and stage.,ECNEC decision; funding release; programme design; procurement; outputs.,include as baseline,BASELINE_CARRY_IN
BASE-SOVAI-RFP-20260724,Sovereign National AI Infrastructure RFP remains open,COMPUTE_CLOUD_DATACENTRE,Ignite National Technology Fund,Federal / Pakistan,2026-07-24 to 2026-09-21,2026-07-24,2026-08-18T19:38Z (B001),2026-09-03T02:21Z (B014),B001; B005; B009; B010; B011; B012; B014,S069,https://epms.ppra.gov.pk/public/tenders/tender-details/TS0000010170E,,,open RFP; pre-award,"RFP P57167 covers design, deployment, operation and maintenance of sovereign national AI infrastructure, with PKR 2 million bid security, 360-day bid validity and a 21 September 2026 15:00 PKT deadline.",The portal labels 21 September as Wednesday; calendar verification shows Monday.,No award or delivery milestone occurred within the reporting span.,"This is the clearest federal procurement pathway toward national AI compute, but no capacity exists yet from the tender.","Do not infer GPUs, MW, users or availability before contract and acceptance.","Track bids, evaluation, award, architecture, site, power/cooling, access model and acceptance.",High,Official tender record; weekday metadata error explicitly corrected.,Bidders; award; value; architecture; capacity; location; energy; access; acceptance.,include as baseline,BASELINE_CARRY_IN
BASE-PITB-AICLOUD-20260731,PITB Government AI Cloud consultancy tender has conflicting closing dates,COMPUTE_CLOUD_DATACENTRE,Punjab Information Technology Board,Punjab,2026-07-31 to 2026-08-24,live or undated source; see source register,2026-08-18T19:38Z (B001),2026-08-28T14:52Z (B009),B001; B002; B003; B004; B005; B006; B007; B008; B009,S070,https://pitb.gov.pk/tendernotices,,,closed/pre-award; tender identity/date conflict,"The corpus alternately records 17 and 24 August closing dates, with later snapshots treating 24 August as closed and no result visible.",,"No evaluation, award or deployment was authenticated.","The consultancy may shape Punjab cloud design, but inconsistent metadata prevents a clean procurement timeline.",Preserve competing dates until the bid document/corrigendum chain is recovered.,"Retrieve tender ID, bid document, corrigenda, opening, evaluation and award.",Low,"Official listing exists, but the dataset’s dates conflict and durable document identity is unresolved.",Tender ID; governing deadline; scope; evaluation; award; architecture; safeguards.,include as disputed baseline,CONTRADICTED_OR_UNRESOLVED
BASE-PITB-DC11,PITB DC-11 GPU server tender closed,COMPUTE_CLOUD_DATACENTRE,Punjab Information Technology Board,Punjab,2026-07-02,2026,2026-08-18T19:38Z (B001),2026-08-18T19:38Z (B001),B001,S071,https://pitb.gov.pk/system/files/BD_DC-11_Corrigen-Published.pdf,,,closed procurement; no award verified,"The DC-11 document describes eight L20 servers (PKR 280 million), one H200 server (PKR 100 million) and two unspecified GPU servers (PKR 600 million), totalling PKR 980 million; the tender closed 2 July.",,No in-span result was found.,It is a concrete proposed GPU package but not delivered compute.,Do not transfer quantities/value to the separate DC-02 or ITOPS-23 procurements.,"Track evaluation, award, delivery, site, power/cooling and acceptance.",High,Official bid document; downstream status absent.,Award; vendor; delivery; site; accepted GPU capacity.,include as baseline,BASELINE_CARRY_IN
BASE-PITB-DC02,PITB DC-02 GPU server procurement remains separately identified,COMPUTE_CLOUD_DATACENTRE,Punjab Information Technology Board,Punjab,2026-08-31 (reported closing),live or undated source; see source register,2026-08-20T14:50:39Z (B002),2026-08-28T14:52Z (B009),B002; B003; B004; B005; B006; B007; B008; B009,S070,https://pitb.gov.pk/tendernotices,,,reported closed; document identity/results unresolved,Briefing snapshots describe a separate later GPU-server procurement closing 31 August.,,No verified evaluation or award appeared.,Keeping it separate prevents false aggregation of procurement value and hardware.,Quantities from DC-11 cannot be imputed to DC-02.,Recover direct tender document and result.,Low,Mutable listing/corpus reference without a durable direct document in the verified source set.,Tender document; quantities; budget; evaluation; award; delivery.,watchlist baseline,CONTRADICTED_OR_UNRESOLVED
BASE-PITB-ITOPS23,PITB ITOPS-23 AI-enabled data-centre package tender closed,COMPUTE_CLOUD_DATACENTRE,Punjab Information Technology Board,Punjab,2026-07-01,2026,2026-08-18T19:38Z (B001),2026-08-18T19:38Z (B001),B001,S072,https://pitb.gov.pk/system/files/BD_ITOPS_23_Corrigen_Published.pdf,,,closed procurement; no award verified,The bid document describes a PKR 600 million turnkey AI-enabled data-centre package with delivery within 24 weeks of award; it closed 1 July.,,No in-span award or accepted delivery was found.,It is distinct from DC-11 GPU servers and the later DC-02 listing.,Budgeted package is not commissioned infrastructure.,"Track evaluation, award, site, delivery, security and acceptance.",High,Official bid document; downstream status absent.,Award; contract; site; equipment; delivery; acceptance.,include as baseline,BASELINE_CARRY_IN
BASE-FINTECH-SUMMIT,Pakistan FinTech Summit outcomes remain unverified,FUNDING_INVESTMENT_PARTNERSHIP,PDA; DIFC,Pakistan / international,2026 planned,2026-02-23,2026-08-18T19:38Z (B001),2026-08-18T19:38Z (B001),B001,S073,https://www.difc.com/whats-on/news/difcs-dubai-fintech-summit-expands-globally-with-pakistan-digital-authority,,,advance announcement only; occurrence and outcomes unverified,DIFC published an advance expansion announcement involving PDA.,,"No later agreement, investment, launch or outcome was authenticated in the supplied span.",Advance event promotion cannot substantiate capital or programme outcomes.,No event occurrence or material outcome should be inferred from the advance announcement.,Seek event record and signed outcomes if any.,High,Direct advance announcement; no outcome evidence.,Event occurrence; agreements; investments; launches.,retain as disputed baseline context; exclude asserted outcomes,CONTRADICTED_OR_UNRESOLVED
BASE-SKY47-20260724-KARAKORAM01,Sky47 Karakoram-01 data centre inaugurated,COMPUTE_CLOUD_DATACENTRE,Sky47,Islamabad,2026-07-24,2026-07-24; 2026-07-29; 2026,2026-08-22T15:05Z (B004),2026-09-01T16:51Z (B013),B004; B013,S052,https://www.radio.gov.pk/24-07-2026/pm-field-marshal-inaugurate-sky47-karakorum-01-data-centre,S053; S054,https://www.datacenterdynamics.com/en/news/pakistani-operator-sky47-inaugurates-85mw-data-center-in-islamabad/ | https://dps.psx.com.pk/download/document/254563.pdf,inaugurated baseline; utilisation and accepted IT load unverified,Official and specialist reporting place the Karakoram-01 inauguration in Islamabad on 24 July; specialist reporting describes an 8.5 MW facility.,Company/exchange materials describe later Karachi and Lahore expansion plans.,No new capacity activation was verified during the reporting span; the 21 August Commerce meeting was separate.,"It is the strongest private physical-infrastructure baseline in the corpus, but facility MW is not the same as available AI compute.","Separate inauguration, design capacity, IT load, GPUs, customers and utilisation.","Verify certification, commissioned IT load, power/cooling resilience, GPUs, customers and expansion completion.",Medium,Official inauguration plus specialist 8.5 MW reporting; detailed operational metrics absent.,Gross vs IT load; GPU inventory; utilisation; customers; PPA; resilience; certification; expansions.,include as baseline,BASELINE_CARRY_IN
BASE-GOOG-20260801-COMMERCIAL,Google Pakistan (Private) Limited becomes counterparty for specified advertising products,GOOGLE_CORPORATE_PRESENCE,Google Pakistan (Private) Limited,Pakistan / Sindh tax nexus,2026-08-01; invoicing transition 2026-10-01,live or undated source; see source register,2026-09-03T04:15Z (verification; not captured in B001–B014),2026-09-03T04:15Z (verification),,S080,https://support.google.com/google-ads/answer/2375370?hl=en-GB,,,direct-company commercial/tax counterparty evidence; not physical-office evidence,"Google states that from 1 August 2026 its Pakistan private limited entity is the counterparty for new affected-product accounts; from 1 October it will issue invoices for existing Pakistani-billing-address, PKR, monthly-invoice accounts and charge 15% Sindh sales tax. Automatic/manual payment accounts remain contracted with Google Asia Pacific Pte. Ltd.",,A limited product/billing counterparty role became directly verifiable outside the briefing discovery set.,"This is concrete local commercial evidence, but it does not establish office premises, local employment or data hosting.",Corporate/tax role and physical office must remain separate evidence categories.,"Track invoicing transition, entity disclosures, local contracting scope, employment and premises evidence.",High,Direct Google operational guidance with effective dates and product scope.,Corporate registration record; address; staffing; employing role; broader product scope; data processing/hosting.,include as verification baseline,BASELINE_CARRY_IN
