briefing_id,source_file,url
B001,Pakistan_AI_Policy_Infrastructure_Daily_Brief_2026-08-18_bundle.md,https://www.pda.gov.pk/press-details.php?id=data-governance-policy
B001,Pakistan_AI_Policy_Infrastructure_Daily_Brief_2026-08-18_bundle.md,https://na.gov.pk/uploads/documents/6a1d62bdce349_708.pdf
B001,Pakistan_AI_Policy_Infrastructure_Daily_Brief_2026-08-18_bundle.md,https://www.dawn.com/news/2022051/cabinet-okays-housing-policy-cybersecurity-framework
B001,Pakistan_AI_Policy_Infrastructure_Daily_Brief_2026-08-18_bundle.md,https://www.radio.gov.pk/30-07-2025/federal-cabinet-approves-hajj-policy-2026-artificial-intelligence-policy-2025
B001,Pakistan_AI_Policy_Infrastructure_Daily_Brief_2026-08-18_bundle.md,https://epms.ppra.gov.pk/public/tenders/tender-details/TS0000010287E
B001,Pakistan_AI_Policy_Infrastructure_Daily_Brief_2026-08-18_bundle.md,https://epms.ppra.gov.pk/public/tenders/tender-details/TS0000010170E
B001,Pakistan_AI_Policy_Infrastructure_Daily_Brief_2026-08-18_bundle.md,https://pitb.gov.pk/tendernotices
B001,Pakistan_AI_Policy_Infrastructure_Daily_Brief_2026-08-18_bundle.md,https://pitb.gov.pk/system/files/BD_DC-11_Corrigen-Published.pdf
B001,Pakistan_AI_Policy_Infrastructure_Daily_Brief_2026-08-18_bundle.md,https://pitb.gov.pk/system/files/BD_ITOPS_23_Corrigen_Published.pdf
B001,Pakistan_AI_Policy_Infrastructure_Daily_Brief_2026-08-18_bundle.md,https://epads.gov.pk/federal/annual-plan/procurement/2473/7564/2026-27
B001,Pakistan_AI_Policy_Infrastructure_Daily_Brief_2026-08-18_bundle.md,https://www.pc.gov.pk/web/press/get_press/1702
B001,Pakistan_AI_Policy_Infrastructure_Daily_Brief_2026-08-18_bundle.md,https://www.difc.com/whats-on/news/difcs-dubai-fintech-summit-expands-globally-with-pakistan-digital-authority
B002,Pakistan_AI_Policy_Infrastructure_Daily_Brief_2026-08-18_bundle.md,https://www.senate.gov.pk/en/billsummary.php?bid=1544
B002,Pakistan_AI_Policy_Infrastructure_Daily_Brief_2026-08-18_bundle.md,https://www.pda.gov.pk/press-details.php?id=data-governance-policy
B002,Pakistan_AI_Policy_Infrastructure_Daily_Brief_2026-08-18_bundle.md,https://www.pda.gov.pk/press-release.php
B002,Pakistan_AI_Policy_Infrastructure_Daily_Brief_2026-08-18_bundle.md,https://epms.ppra.gov.pk/public/tenders/tender-details/TS0000010535E
B002,Pakistan_AI_Policy_Infrastructure_Daily_Brief_2026-08-18_bundle.md,https://epms.ppra.gov.pk/public/tenders/tender-details/TS0000010591E
B002,Pakistan_AI_Policy_Infrastructure_Daily_Brief_2026-08-18_bundle.md,https://pitb.gov.pk/tendernotices
B002,Pakistan_AI_Policy_Infrastructure_Daily_Brief_2026-08-18_bundle.md,https://epms.ppra.gov.pk/public/tenders/tender-details/TS0000006913E
B002,Pakistan_AI_Policy_Infrastructure_Daily_Brief_2026-08-18_bundle.md,https://epms.ppra.gov.pk/public/tenders/tender-details/TS0000010287E
B002,Pakistan_AI_Policy_Infrastructure_Daily_Brief_2026-08-18_bundle.md,https://epms.ppra.gov.pk/public/evaluations?page=1
B002,Pakistan_AI_Policy_Infrastructure_Daily_Brief_2026-08-18_bundle.md,https://epms.ppra.gov.pk/public/contracts
B002,Pakistan_AI_Policy_Infrastructure_Daily_Brief_2026-08-18_bundle.md,https://www.app.com.pk/national/
B002,Pakistan_AI_Policy_Infrastructure_Daily_Brief_2026-08-18_bundle.md,https://www.app.com.pk/business/
B002,Pakistan_AI_Policy_Infrastructure_Daily_Brief_2026-08-18_bundle.md,https://www.app.com.pk/punjab/
B002,Pakistan_AI_Policy_Infrastructure_Daily_Brief_2026-08-18_bundle.md,https://www.na.gov.pk/en/bills-passed.php?type=1
B003,Pakistan_AI_Policy_Infrastructure_Daily_Brief_2026-08-18_bundle.md,https://www.senate.gov.pk/en/billsummary.php?bid=1544
B003,Pakistan_AI_Policy_Infrastructure_Daily_Brief_2026-08-18_bundle.md,https://www.moitt.gov.pk/Policies
B003,Pakistan_AI_Policy_Infrastructure_Daily_Brief_2026-08-18_bundle.md,https://senate.gov.pk/com/pressrelease.php?id=MzAz
B003,Pakistan_AI_Policy_Infrastructure_Daily_Brief_2026-08-18_bundle.md,https://pkcert.gov.pk/advisories.asp
B003,Pakistan_AI_Policy_Infrastructure_Daily_Brief_2026-08-18_bundle.md,https://epms.ppra.gov.pk/public/tenders/active-tenders?page=1
B003,Pakistan_AI_Policy_Infrastructure_Daily_Brief_2026-08-18_bundle.md,https://epms.ppra.gov.pk/public/evaluations?page=1
B003,Pakistan_AI_Policy_Infrastructure_Daily_Brief_2026-08-18_bundle.md,https://epms.ppra.gov.pk/public/contracts?page=1
B003,Pakistan_AI_Policy_Infrastructure_Daily_Brief_2026-08-18_bundle.md,https://pitb.gov.pk/tendernotices
B003,Pakistan_AI_Policy_Infrastructure_Daily_Brief_2026-08-18_bundle.md,https://about.google/company-info/locations/
B003,Pakistan_AI_Policy_Infrastructure_Daily_Brief_2026-08-18_bundle.md,https://cloud.google.com/about/locations
B004,Pakistan_AI_Policy_Infrastructure_Daily_Brief_2026-08-22.md,https://www.moitt.gov.pk/Policies
B004,Pakistan_AI_Policy_Infrastructure_Daily_Brief_2026-08-22.md,https://www.pda.gov.pk/press-release.php
B004,Pakistan_AI_Policy_Infrastructure_Daily_Brief_2026-08-22.md,https://www.pda.gov.pk/press-details.php?id=data-governance-policy
B004,Pakistan_AI_Policy_Infrastructure_Daily_Brief_2026-08-22.md,https://pkcert.gov.pk/advisories.asp
B004,Pakistan_AI_Policy_Infrastructure_Daily_Brief_2026-08-22.md,https://pvara.gov.pk/regulations
B004,Pakistan_AI_Policy_Infrastructure_Daily_Brief_2026-08-22.md,https://pvara.gov.pk/licensing
B004,Pakistan_AI_Policy_Infrastructure_Daily_Brief_2026-08-22.md,https://pid.gov.pk/site/press
B004,Pakistan_AI_Policy_Infrastructure_Daily_Brief_2026-08-22.md,https://epms.ppra.gov.pk/public/tenders/active-tenders?page=1
B004,Pakistan_AI_Policy_Infrastructure_Daily_Brief_2026-08-22.md,https://epms.ppra.gov.pk/public/evaluations?page=1
B004,Pakistan_AI_Policy_Infrastructure_Daily_Brief_2026-08-22.md,https://epms.ppra.gov.pk/public/contracts?page=1
B004,Pakistan_AI_Policy_Infrastructure_Daily_Brief_2026-08-22.md,https://www.pakp.gov.pk/bill/the-khyber-pakhtunkhwa-promotion-of-digital-payments-bill-2026/
B004,Pakistan_AI_Policy_Infrastructure_Daily_Brief_2026-08-22.md,https://tribune.com.pk/story/2625229/k-p-assembly-approves-digital-payments-bill
B004,Pakistan_AI_Policy_Infrastructure_Daily_Brief_2026-08-22.md,https://about.google/company-info/locations/
B004,Pakistan_AI_Policy_Infrastructure_Daily_Brief_2026-08-22.md,https://www.google.com/about/careers/applications/locations/
B004,Pakistan_AI_Policy_Infrastructure_Daily_Brief_2026-08-22.md,https://cloud.google.com/about/locations
B004,Pakistan_AI_Policy_Infrastructure_Daily_Brief_2026-08-22.md,https://datacenters.google/locations/
B005,Pakistan_AI_Policy_Infrastructure_Daily_Brief_2026-08-23_2010PKT.md,https://pid.gov.pk/site/press
B005,Pakistan_AI_Policy_Infrastructure_Daily_Brief_2026-08-23_2010PKT.md,https://www.moitt.gov.pk/Policies
B005,Pakistan_AI_Policy_Infrastructure_Daily_Brief_2026-08-23_2010PKT.md,https://pda.gov.pk/press-details.php?id=pda-dgp-consultation
B005,Pakistan_AI_Policy_Infrastructure_Daily_Brief_2026-08-23_2010PKT.md,https://pkcert.gov.pk/advisories.asp
B005,Pakistan_AI_Policy_Infrastructure_Daily_Brief_2026-08-23_2010PKT.md,https://pvara.gov.pk/regulations
B005,Pakistan_AI_Policy_Infrastructure_Daily_Brief_2026-08-23_2010PKT.md,https://www.na.gov.pk/en/bills.php?type=1
B005,Pakistan_AI_Policy_Infrastructure_Daily_Brief_2026-08-23_2010PKT.md,https://senate.gov.pk/en/order_of_day.php
B005,Pakistan_AI_Policy_Infrastructure_Daily_Brief_2026-08-23_2010PKT.md,https://epms.ppra.gov.pk/public/tenders/active-tenders?page=1
B005,Pakistan_AI_Policy_Infrastructure_Daily_Brief_2026-08-23_2010PKT.md,https://epms.ppra.gov.pk/public/evaluations?page=1
B005,Pakistan_AI_Policy_Infrastructure_Daily_Brief_2026-08-23_2010PKT.md,https://epms.ppra.gov.pk/public/contracts?page=1
B005,Pakistan_AI_Policy_Infrastructure_Daily_Brief_2026-08-23_2010PKT.md,https://pitb.gov.pk/tendernotices
B005,Pakistan_AI_Policy_Infrastructure_Daily_Brief_2026-08-23_2010PKT.md,https://epms.ppra.gov.pk/public/tenders/tender-details/TS0000010170E
B005,Pakistan_AI_Policy_Infrastructure_Daily_Brief_2026-08-23_2010PKT.md,https://epms.ppra.gov.pk/public/tenders/tender-details/TS0000011207E
B005,Pakistan_AI_Policy_Infrastructure_Daily_Brief_2026-08-23_2010PKT.md,https://epms.ppra.gov.pk/public/tenders/tender-details/TS0000010287E
B005,Pakistan_AI_Policy_Infrastructure_Daily_Brief_2026-08-23_2010PKT.md,https://epms.ppra.gov.pk/public/tenders/tender-details/TS0000011042E
B005,Pakistan_AI_Policy_Infrastructure_Daily_Brief_2026-08-23_2010PKT.md,https://pid.gov.pk/site/press_detail/33638
B005,Pakistan_AI_Policy_Infrastructure_Daily_Brief_2026-08-23_2010PKT.md,https://pid.gov.pk/site/press_detail/33684
B005,Pakistan_AI_Policy_Infrastructure_Daily_Brief_2026-08-23_2010PKT.md,https://about.google/company-info/locations/
B005,Pakistan_AI_Policy_Infrastructure_Daily_Brief_2026-08-23_2010PKT.md,https://about.google/intl/ALL_pk/around-the-globe/local-info/
B005,Pakistan_AI_Policy_Infrastructure_Daily_Brief_2026-08-23_2010PKT.md,https://cloud.google.com/about/locations
B005,Pakistan_AI_Policy_Infrastructure_Daily_Brief_2026-08-23_2010PKT.md,https://datacenters.google/locations/
B005,Pakistan_AI_Policy_Infrastructure_Daily_Brief_2026-08-23_2010PKT.md,https://www.dawn.com/news/2024245
B006,Pakistan_AI_Policy_Infrastructure_Daily_Brief_2026-08-25_0025PKT.md,https://www.moitt.gov.pk/Policies
B006,Pakistan_AI_Policy_Infrastructure_Daily_Brief_2026-08-25_0025PKT.md,https://pda.gov.pk/press-details.php?id=pda-dgp-consultation
B006,Pakistan_AI_Policy_Infrastructure_Daily_Brief_2026-08-25_0025PKT.md,https://standards.dnp.gov.pk/register.html
B006,Pakistan_AI_Policy_Infrastructure_Daily_Brief_2026-08-25_0025PKT.md,https://www.na.gov.pk/en/bills.php?type=1
B006,Pakistan_AI_Policy_Infrastructure_Daily_Brief_2026-08-25_0025PKT.md,https://www.na.gov.pk/en/acts.php
B006,Pakistan_AI_Policy_Infrastructure_Daily_Brief_2026-08-25_0025PKT.md,https://pkcert.gov.pk/advisories.asp
B006,Pakistan_AI_Policy_Infrastructure_Daily_Brief_2026-08-25_0025PKT.md,https://www.pvara.gov.pk/regulations
B006,Pakistan_AI_Policy_Infrastructure_Daily_Brief_2026-08-25_0025PKT.md,https://moitt.gov.pk/SiteImage/Misc/EOI-Tenders/NAAI%20RFP%20Hardware%20Final%20Version.pdf
B006,Pakistan_AI_Policy_Infrastructure_Daily_Brief_2026-08-25_0025PKT.md,https://www.moitt.gov.pk/Tenders
B006,Pakistan_AI_Policy_Infrastructure_Daily_Brief_2026-08-25_0025PKT.md,https://epms.ppra.gov.pk/public/tenders/active-tenders?page=1
B006,Pakistan_AI_Policy_Infrastructure_Daily_Brief_2026-08-25_0025PKT.md,https://epms.ppra.gov.pk/public/evaluations?page=1
B006,Pakistan_AI_Policy_Infrastructure_Daily_Brief_2026-08-25_0025PKT.md,https://epms.ppra.gov.pk/public/contracts?page=1
B006,Pakistan_AI_Policy_Infrastructure_Daily_Brief_2026-08-25_0025PKT.md,https://pitb.gov.pk/tendernotices
B006,Pakistan_AI_Policy_Infrastructure_Daily_Brief_2026-08-25_0025PKT.md,https://www.pc.gov.pk/web/press/get_press/1702
B006,Pakistan_AI_Policy_Infrastructure_Daily_Brief_2026-08-25_0025PKT.md,https://www.ungm.org/Public/Notice/310156
B006,Pakistan_AI_Policy_Infrastructure_Daily_Brief_2026-08-25_0025PKT.md,https://www.dawn.com/news/2024245
B006,Pakistan_AI_Policy_Infrastructure_Daily_Brief_2026-08-25_0025PKT.md,https://pid.gov.pk/site/press_detail/33638
B006,Pakistan_AI_Policy_Infrastructure_Daily_Brief_2026-08-25_0025PKT.md,https://pid.gov.pk/site/press_detail/33684
B006,Pakistan_AI_Policy_Infrastructure_Daily_Brief_2026-08-25_0025PKT.md,https://about.google/company-info/locations/
B006,Pakistan_AI_Policy_Infrastructure_Daily_Brief_2026-08-25_0025PKT.md,https://www.google.com/about/careers/applications/locations/
B006,Pakistan_AI_Policy_Infrastructure_Daily_Brief_2026-08-25_0025PKT.md,https://cloud.google.com/about/locations
B006,Pakistan_AI_Policy_Infrastructure_Daily_Brief_2026-08-25_0025PKT.md,https://datacenters.google/locations/
B007,Pakistan_AI_Policy_Infrastructure_Daily_Brief_2026-08-26_0710PKT.md,https://www.moitt.gov.pk/Policies
B007,Pakistan_AI_Policy_Infrastructure_Daily_Brief_2026-08-26_0710PKT.md,https://www.na.gov.pk/en/acts.php
B007,Pakistan_AI_Policy_Infrastructure_Daily_Brief_2026-08-26_0710PKT.md,https://standards.dnp.gov.pk/
B007,Pakistan_AI_Policy_Infrastructure_Daily_Brief_2026-08-26_0710PKT.md,https://pda.gov.pk/press-details.php?id=pda-dgp-consultation
B007,Pakistan_AI_Policy_Infrastructure_Daily_Brief_2026-08-26_0710PKT.md,https://pkcert.gov.pk/advisories.asp
B007,Pakistan_AI_Policy_Infrastructure_Daily_Brief_2026-08-26_0710PKT.md,https://www.pc.gov.pk/web/press/get_press/1702
B007,Pakistan_AI_Policy_Infrastructure_Daily_Brief_2026-08-26_0710PKT.md,https://pid.gov.pk/site/press_detail/33712
B007,Pakistan_AI_Policy_Infrastructure_Daily_Brief_2026-08-26_0710PKT.md,https://epms.ppra.gov.pk/public/tenders/tender-details/TS0000010938E
B007,Pakistan_AI_Policy_Infrastructure_Daily_Brief_2026-08-26_0710PKT.md,https://pid.gov.pk/site/press/3
B007,Pakistan_AI_Policy_Infrastructure_Daily_Brief_2026-08-26_0710PKT.md,https://pitb.gov.pk/tendernotices
B007,Pakistan_AI_Policy_Infrastructure_Daily_Brief_2026-08-26_0710PKT.md,https://istd.sindh.gov.pk/
B007,Pakistan_AI_Policy_Infrastructure_Daily_Brief_2026-08-26_0710PKT.md,https://www.na.gov.pk/en/bills.php?type=1
B007,Pakistan_AI_Policy_Infrastructure_Daily_Brief_2026-08-26_0710PKT.md,https://www.pvara.gov.pk/regulations
B007,Pakistan_AI_Policy_Infrastructure_Daily_Brief_2026-08-26_0710PKT.md,https://epms.ppra.gov.pk/public/tenders/active-tenders?page=1
B007,Pakistan_AI_Policy_Infrastructure_Daily_Brief_2026-08-26_0710PKT.md,https://epms.ppra.gov.pk/public/evaluations?page=1
B007,Pakistan_AI_Policy_Infrastructure_Daily_Brief_2026-08-26_0710PKT.md,https://epms.ppra.gov.pk/public/contracts?page=1
B007,Pakistan_AI_Policy_Infrastructure_Daily_Brief_2026-08-26_0710PKT.md,https://epms.ppra.gov.pk/public/tenders/tender-details/TS0000010287E
B007,Pakistan_AI_Policy_Infrastructure_Daily_Brief_2026-08-26_0710PKT.md,https://epms.ppra.gov.pk/public/tenders/tender-details/TS0000011207E
B007,Pakistan_AI_Policy_Infrastructure_Daily_Brief_2026-08-26_0710PKT.md,https://pid.gov.pk/site/press_detail/33638
B007,Pakistan_AI_Policy_Infrastructure_Daily_Brief_2026-08-26_0710PKT.md,https://about.google/company-info/locations/
B007,Pakistan_AI_Policy_Infrastructure_Daily_Brief_2026-08-26_0710PKT.md,https://www.google.com/about/careers/applications/locations/
B007,Pakistan_AI_Policy_Infrastructure_Daily_Brief_2026-08-26_0710PKT.md,https://cloud.google.com/about/locations
B007,Pakistan_AI_Policy_Infrastructure_Daily_Brief_2026-08-26_0710PKT.md,https://datacenters.google/locations/
B008,Pakistan_AI_Policy_Infrastructure_Daily_Brief_2026-08-27_1906PKT.md,https://www.na.gov.pk/en/acts.php
B008,Pakistan_AI_Policy_Infrastructure_Daily_Brief_2026-08-27_1906PKT.md,https://www.na.gov.pk/en/bills-passed.php?type=1
B008,Pakistan_AI_Policy_Infrastructure_Daily_Brief_2026-08-27_1906PKT.md,https://www.moitt.gov.pk/Policies
B008,Pakistan_AI_Policy_Infrastructure_Daily_Brief_2026-08-27_1906PKT.md,https://www.moitt.gov.pk/Legislations
B008,Pakistan_AI_Policy_Infrastructure_Daily_Brief_2026-08-27_1906PKT.md,https://pkcert.gov.pk/advisories.asp
B008,Pakistan_AI_Policy_Infrastructure_Daily_Brief_2026-08-27_1906PKT.md,https://www.pvara.gov.pk/regulations
B008,Pakistan_AI_Policy_Infrastructure_Daily_Brief_2026-08-27_1906PKT.md,https://www.secp.gov.pk/
B008,Pakistan_AI_Policy_Infrastructure_Daily_Brief_2026-08-27_1906PKT.md,https://epms.ppra.gov.pk/public/evaluations?page=1
B008,Pakistan_AI_Policy_Infrastructure_Daily_Brief_2026-08-27_1906PKT.md,https://epms.ppra.gov.pk/public/contracts?page=1
B008,Pakistan_AI_Policy_Infrastructure_Daily_Brief_2026-08-27_1906PKT.md,https://epms.ppra.gov.pk/public/procurement-plans?page=1
B008,Pakistan_AI_Policy_Infrastructure_Daily_Brief_2026-08-27_1906PKT.md,https://www.moitt.gov.pk/Tenders
B008,Pakistan_AI_Policy_Infrastructure_Daily_Brief_2026-08-27_1906PKT.md,https://pitb.gov.pk/tendernotices
B008,Pakistan_AI_Policy_Infrastructure_Daily_Brief_2026-08-27_1906PKT.md,https://dgipr.kp.gov.pk/sc-27-8-26/
B008,Pakistan_AI_Policy_Infrastructure_Daily_Brief_2026-08-27_1906PKT.md,https://about.google/company-info/locations/
B008,Pakistan_AI_Policy_Infrastructure_Daily_Brief_2026-08-27_1906PKT.md,https://cloud.google.com/about/locations
B008,Pakistan_AI_Policy_Infrastructure_Daily_Brief_2026-08-27_1906PKT.md,https://docs.cloud.google.com/vpc/docs/edge-locations
B008,Pakistan_AI_Policy_Infrastructure_Daily_Brief_2026-08-27_1906PKT.md,https://datacenters.google/locations/
B009,Pakistan_AI_Policy_Infrastructure_Daily_Brief_2026-08-28_1952PKT.md,https://www.moitt.gov.pk/Policies
B009,Pakistan_AI_Policy_Infrastructure_Daily_Brief_2026-08-28_1952PKT.md,https://pid.gov.pk/site/press_detail/33741
B009,Pakistan_AI_Policy_Infrastructure_Daily_Brief_2026-08-28_1952PKT.md,https://pda.gov.pk/press-details.php?id=pda-dgp-consultation
B009,Pakistan_AI_Policy_Infrastructure_Daily_Brief_2026-08-28_1952PKT.md,https://www.moitt.gov.pk/Legislations
B009,Pakistan_AI_Policy_Infrastructure_Daily_Brief_2026-08-28_1952PKT.md,https://senate.gov.pk/en/pbs.php?catid=1&cattitle=Bills&leftcatid=278&subcatid=276
B009,Pakistan_AI_Policy_Infrastructure_Daily_Brief_2026-08-28_1952PKT.md,https://standards.dnp.gov.pk/register.html
B009,Pakistan_AI_Policy_Infrastructure_Daily_Brief_2026-08-28_1952PKT.md,https://pkcert.gov.pk/advisories.asp
B009,Pakistan_AI_Policy_Infrastructure_Daily_Brief_2026-08-28_1952PKT.md,https://jazz.com.pk/media-center/detail/jazz-becomes-first-operator-to-reach-1000-5g-sites
B009,Pakistan_AI_Policy_Infrastructure_Daily_Brief_2026-08-28_1952PKT.md,https://epms.ppra.gov.pk/public/tenders/active-tenders?page=1
B009,Pakistan_AI_Policy_Infrastructure_Daily_Brief_2026-08-28_1952PKT.md,https://epms.ppra.gov.pk/public/evaluations?page=1
B009,Pakistan_AI_Policy_Infrastructure_Daily_Brief_2026-08-28_1952PKT.md,https://epms.ppra.gov.pk/public/contracts?page=1
B009,Pakistan_AI_Policy_Infrastructure_Daily_Brief_2026-08-28_1952PKT.md,https://pitb.gov.pk/tendernotices
B009,Pakistan_AI_Policy_Infrastructure_Daily_Brief_2026-08-28_1952PKT.md,https://www.app.com.pk/punjab/maryam-delivers-thought-provoking-address-at-big-data-industry-expo/
B009,Pakistan_AI_Policy_Infrastructure_Daily_Brief_2026-08-28_1952PKT.md,https://dgipr.kp.gov.pk/stit-28-8-26/
B009,Pakistan_AI_Policy_Infrastructure_Daily_Brief_2026-08-28_1952PKT.md,https://about.google/company-info/locations/
B009,Pakistan_AI_Policy_Infrastructure_Daily_Brief_2026-08-28_1952PKT.md,https://cloud.google.com/about/locations
B009,Pakistan_AI_Policy_Infrastructure_Daily_Brief_2026-08-28_1952PKT.md,https://www.datacenters.google/locations/
B010,Pakistan_AI_Policy_Infrastructure_Daily_Brief_2026-08-29_1938PKT.md,https://www.moitt.gov.pk/Policies
B010,Pakistan_AI_Policy_Infrastructure_Daily_Brief_2026-08-29_1938PKT.md,https://pda.gov.pk/press-details.php?id=pda-dgp-consultation
B010,Pakistan_AI_Policy_Infrastructure_Daily_Brief_2026-08-29_1938PKT.md,https://www.moitt.gov.pk/Legislations
B010,Pakistan_AI_Policy_Infrastructure_Daily_Brief_2026-08-29_1938PKT.md,https://standards.dnp.gov.pk/register.html
B010,Pakistan_AI_Policy_Infrastructure_Daily_Brief_2026-08-29_1938PKT.md,https://pkcert.gov.pk/advisories.asp
B010,Pakistan_AI_Policy_Infrastructure_Daily_Brief_2026-08-29_1938PKT.md,https://epms.ppra.gov.pk/public/tenders/active-tenders?page=1
B010,Pakistan_AI_Policy_Infrastructure_Daily_Brief_2026-08-29_1938PKT.md,https://epads.gov.pk/opportunities/federal/procurements/71677
B010,Pakistan_AI_Policy_Infrastructure_Daily_Brief_2026-08-29_1938PKT.md,https://epms.ppra.gov.pk/public/contracts/contract-details/PCN-3884318406
B010,Pakistan_AI_Policy_Infrastructure_Daily_Brief_2026-08-29_1938PKT.md,https://pid.gov.pk/site/press_detail/33093
B010,Pakistan_AI_Policy_Infrastructure_Daily_Brief_2026-08-29_1938PKT.md,https://pid.gov.pk/site/press
B010,Pakistan_AI_Policy_Infrastructure_Daily_Brief_2026-08-29_1938PKT.md,https://www.dawn.com/news/2025965/resecurity-and-sky47-partner-to-enable-sovereign-cybersecurity-and-ai-infrastructure-in-pakistan
B010,Pakistan_AI_Policy_Infrastructure_Daily_Brief_2026-08-29_1938PKT.md,https://pid.gov.pk/site/press_detail/33684
B010,Pakistan_AI_Policy_Infrastructure_Daily_Brief_2026-08-29_1938PKT.md,https://www.app.com.pk/punjab/maryam-delivers-thought-provoking-address-at-big-data-industry-expo/
B010,Pakistan_AI_Policy_Infrastructure_Daily_Brief_2026-08-29_1938PKT.md,https://www.brecorder.com/news/40436971/punjab-huawei-agree-to-expand-ai-digital-cooperation
B010,Pakistan_AI_Policy_Infrastructure_Daily_Brief_2026-08-29_1938PKT.md,https://www.senate.gov.pk/en/gbna.php?catid=186&cattitle=Bills&leftcatid=279&subcatid=276
B010,Pakistan_AI_Policy_Infrastructure_Daily_Brief_2026-08-29_1938PKT.md,https://epms.ppra.gov.pk/public/evaluations?page=1
B010,Pakistan_AI_Policy_Infrastructure_Daily_Brief_2026-08-29_1938PKT.md,https://epms.ppra.gov.pk/public/contracts?page=1
B010,Pakistan_AI_Policy_Infrastructure_Daily_Brief_2026-08-29_1938PKT.md,https://pid.gov.pk/site/press_detail/33638
B010,Pakistan_AI_Policy_Infrastructure_Daily_Brief_2026-08-29_1938PKT.md,https://www.google.com/about/careers/applications/jobs/results?location=Pakistan
B010,Pakistan_AI_Policy_Infrastructure_Daily_Brief_2026-08-29_1938PKT.md,https://about.google/company-info/locations/
B010,Pakistan_AI_Policy_Infrastructure_Daily_Brief_2026-08-29_1938PKT.md,https://cloud.google.com/about/locations
B010,Pakistan_AI_Policy_Infrastructure_Daily_Brief_2026-08-29_1938PKT.md,https://datacenters.google/locations/
B011,Pakistan_AI_Policy_Infrastructure_Daily_Brief_2026-08-30_1957PKT.md,https://www.moitt.gov.pk/Policies
B011,Pakistan_AI_Policy_Infrastructure_Daily_Brief_2026-08-30_1957PKT.md,https://www.moitt.gov.pk/Legislations
B011,Pakistan_AI_Policy_Infrastructure_Daily_Brief_2026-08-30_1957PKT.md,https://pda.gov.pk/press-details.php?id=pda-dgp-consultation
B011,Pakistan_AI_Policy_Infrastructure_Daily_Brief_2026-08-30_1957PKT.md,https://standards.dnp.gov.pk/register.html
B011,Pakistan_AI_Policy_Infrastructure_Daily_Brief_2026-08-30_1957PKT.md,https://www.na.gov.pk/en/acts-tenure.php
B011,Pakistan_AI_Policy_Infrastructure_Daily_Brief_2026-08-30_1957PKT.md,https://na.gov.pk/en/bills.php?type=1
B011,Pakistan_AI_Policy_Infrastructure_Daily_Brief_2026-08-30_1957PKT.md,https://senate.gov.pk/en/acts.php
B011,Pakistan_AI_Policy_Infrastructure_Daily_Brief_2026-08-30_1957PKT.md,https://pkcert.gov.pk/advisories.asp
B011,Pakistan_AI_Policy_Infrastructure_Daily_Brief_2026-08-30_1957PKT.md,https://www.pvara.gov.pk/regulations
B011,Pakistan_AI_Policy_Infrastructure_Daily_Brief_2026-08-30_1957PKT.md,https://epms.ppra.gov.pk/public/tenders/active-tenders?page=1
B011,Pakistan_AI_Policy_Infrastructure_Daily_Brief_2026-08-30_1957PKT.md,https://epms.ppra.gov.pk/public/evaluations?page=1
B011,Pakistan_AI_Policy_Infrastructure_Daily_Brief_2026-08-30_1957PKT.md,https://epms.ppra.gov.pk/public/contracts?page=1
B011,Pakistan_AI_Policy_Infrastructure_Daily_Brief_2026-08-30_1957PKT.md,https://epms.ppra.gov.pk/public/procurement-plans?page=1
B011,Pakistan_AI_Policy_Infrastructure_Daily_Brief_2026-08-30_1957PKT.md,https://epms.ppra.gov.pk/public/tenders/tender-details/TS0000010287E
B011,Pakistan_AI_Policy_Infrastructure_Daily_Brief_2026-08-30_1957PKT.md,https://epms.ppra.gov.pk/public/tenders/tender-details/TS0000010170E
B011,Pakistan_AI_Policy_Infrastructure_Daily_Brief_2026-08-30_1957PKT.md,https://epms.ppra.gov.pk/public/tenders/tender-details/TS0000011970E
B011,Pakistan_AI_Policy_Infrastructure_Daily_Brief_2026-08-30_1957PKT.md,https://epms.ppra.gov.pk/public/tenders/tender-details/TS0000012358E
B011,Pakistan_AI_Policy_Infrastructure_Daily_Brief_2026-08-30_1957PKT.md,https://epms.ppra.gov.pk/public/tenders/tender-details/TS0000012431E
B011,Pakistan_AI_Policy_Infrastructure_Daily_Brief_2026-08-30_1957PKT.md,https://www.app.com.pk/punjab/alibaba-cloud-shows-keen-interest-in-punjabs-it-sector-cm-maryam-invites-chinese-ai-collaboration/
B011,Pakistan_AI_Policy_Infrastructure_Daily_Brief_2026-08-30_1957PKT.md,https://radio.gov.pk/30-08-2026/ai-being-integrated-into-governance-system-in-punjab-cm
B011,Pakistan_AI_Policy_Infrastructure_Daily_Brief_2026-08-30_1957PKT.md,https://about.google/company-info/locations/
B011,Pakistan_AI_Policy_Infrastructure_Daily_Brief_2026-08-30_1957PKT.md,https://cloud.google.com/about/locations
B011,Pakistan_AI_Policy_Infrastructure_Daily_Brief_2026-08-30_1957PKT.md,https://datacenters.google/locations/
B011,Pakistan_AI_Policy_Infrastructure_Daily_Brief_2026-08-30_1957PKT.md,https://www.google.com/about/careers/applications/jobs/results?location=Pakistan
B012,Pakistan_AI_Policy_Infrastructure_Daily_Brief_2026-08-31_1049ET.md,https://www.moitt.gov.pk/Policies
B012,Pakistan_AI_Policy_Infrastructure_Daily_Brief_2026-08-31_1049ET.md,https://moitt.gov.pk/SiteImage/Misc/files/National%20AI%20Policy.pdf
B012,Pakistan_AI_Policy_Infrastructure_Daily_Brief_2026-08-31_1049ET.md,https://www.na.gov.pk/en/acts.php
B012,Pakistan_AI_Policy_Infrastructure_Daily_Brief_2026-08-31_1049ET.md,https://pda.gov.pk/press-details.php?id=pda-dgp-consultation
B012,Pakistan_AI_Policy_Infrastructure_Daily_Brief_2026-08-31_1049ET.md,https://standards.pda.gov.pk/register.html
B012,Pakistan_AI_Policy_Infrastructure_Daily_Brief_2026-08-31_1049ET.md,https://pkcert.gov.pk/advisories.asp
B012,Pakistan_AI_Policy_Infrastructure_Daily_Brief_2026-08-31_1049ET.md,https://www.pvara.gov.pk/regulations
B012,Pakistan_AI_Policy_Infrastructure_Daily_Brief_2026-08-31_1049ET.md,https://epms.ppra.gov.pk/public/tenders/active-tenders?page=1
B012,Pakistan_AI_Policy_Infrastructure_Daily_Brief_2026-08-31_1049ET.md,https://epms.ppra.gov.pk/public/evaluations?page=1
B012,Pakistan_AI_Policy_Infrastructure_Daily_Brief_2026-08-31_1049ET.md,https://epms.ppra.gov.pk/public/contracts?page=1
B012,Pakistan_AI_Policy_Infrastructure_Daily_Brief_2026-08-31_1049ET.md,https://epms.ppra.gov.pk/public/procurement-plans?page=1
B012,Pakistan_AI_Policy_Infrastructure_Daily_Brief_2026-08-31_1049ET.md,https://epms.ppra.gov.pk/public/tenders/tender-details/TS0000010287E
B012,Pakistan_AI_Policy_Infrastructure_Daily_Brief_2026-08-31_1049ET.md,https://epms.ppra.gov.pk/public/tenders/tender-details/TS0000010170E
B012,Pakistan_AI_Policy_Infrastructure_Daily_Brief_2026-08-31_1049ET.md,https://dgipr.kp.gov.pk/world-bank-delegation-meets-khyber-pakhtunkhwa-government-to-discuss-it-digital-infrastructure-and-energy-initiatives/
B012,Pakistan_AI_Policy_Infrastructure_Daily_Brief_2026-08-31_1049ET.md,https://about.google/company-info/locations/
B012,Pakistan_AI_Policy_Infrastructure_Daily_Brief_2026-08-31_1049ET.md,https://cloud.google.com/about/locations
B012,Pakistan_AI_Policy_Infrastructure_Daily_Brief_2026-08-31_1049ET.md,https://www.datacenters.google/locations/
B013,Pakistan_AI_Policy_Infrastructure_Daily_Brief_2026-09-01_1249ET.md,https://www.moitt.gov.pk/Policies
B013,Pakistan_AI_Policy_Infrastructure_Daily_Brief_2026-09-01_1249ET.md,https://www.na.gov.pk/en/acts-tenure.php
B013,Pakistan_AI_Policy_Infrastructure_Daily_Brief_2026-09-01_1249ET.md,https://tribune.com.pk/story/2626793/information-security-system-okayed
B013,Pakistan_AI_Policy_Infrastructure_Daily_Brief_2026-09-01_1249ET.md,https://pkcert.gov.pk/advisories.asp
B013,Pakistan_AI_Policy_Infrastructure_Daily_Brief_2026-09-01_1249ET.md,https://www.brecorder.com/news/40437291/social-media-age-verification-ihc-direct-authorities-to-submit-reply
B013,Pakistan_AI_Policy_Infrastructure_Daily_Brief_2026-09-01_1249ET.md,https://www.app.com.pk/national/nadra-fbise-sign-agreement-to-integrate-student-registration-educational-certificates-system/
B013,Pakistan_AI_Policy_Infrastructure_Daily_Brief_2026-09-01_1249ET.md,https://pid.gov.pk/site/press_detail/33093
B013,Pakistan_AI_Policy_Infrastructure_Daily_Brief_2026-09-01_1249ET.md,https://pid.gov.pk/site/press_detail/33671
B013,Pakistan_AI_Policy_Infrastructure_Daily_Brief_2026-09-01_1249ET.md,https://www.epads.gov.pk/
B013,Pakistan_AI_Policy_Infrastructure_Daily_Brief_2026-09-01_1249ET.md,https://www.app.com.pk/national/shaza-meets-saudi-minister-of-communications-and-information-technology/
B013,Pakistan_AI_Policy_Infrastructure_Daily_Brief_2026-09-01_1249ET.md,https://www.arabnews.pk/pakistan/minister-tells-saudi-expo-pakistan-will-share-digital-infrastructure-free-with-emerging-economies-3000008
B013,Pakistan_AI_Policy_Infrastructure_Daily_Brief_2026-09-01_1249ET.md,https://epms.ppra.gov.pk/public/tenders/active-tenders?procurement_category=3
B013,Pakistan_AI_Policy_Infrastructure_Daily_Brief_2026-09-01_1249ET.md,https://www.app.com.pk/punjab/
B013,Pakistan_AI_Policy_Infrastructure_Daily_Brief_2026-09-01_1249ET.md,https://pda.gov.pk/press-details.php?id=google-opens-office-in-pakistan
B013,Pakistan_AI_Policy_Infrastructure_Daily_Brief_2026-09-01_1249ET.md,https://about.google/company-info/locations/
B013,Pakistan_AI_Policy_Infrastructure_Daily_Brief_2026-09-01_1249ET.md,https://cloud.google.com/about/locations
B013,Pakistan_AI_Policy_Infrastructure_Daily_Brief_2026-09-01_1249ET.md,https://datacenters.google/locations/
B013,Pakistan_AI_Policy_Infrastructure_Daily_Brief_2026-09-01_1249ET.md,https://www.google.com/about/careers/applications/jobs/results?location=Pakistan
B013,Pakistan_AI_Policy_Infrastructure_Daily_Brief_2026-09-01_1249ET.md,https://moitt.gov.pk/SiteImage/Misc/files/National%20AI%20Policy.pdf
B013,Pakistan_AI_Policy_Infrastructure_Daily_Brief_2026-09-01_1249ET.md,https://pkcert.gov.pk/events/ciso-round-table-2026.asp
B013,Pakistan_AI_Policy_Infrastructure_Daily_Brief_2026-09-01_1249ET.md,https://humenglish.com/latest/punjab-assembly-passes-resolution-to-ban-social-media-accounts-for-under-16s/
B013,Pakistan_AI_Policy_Infrastructure_Daily_Brief_2026-09-01_1249ET.md,https://www.app.com.pk/kp/
B013,Pakistan_AI_Policy_Infrastructure_Daily_Brief_2026-09-01_1249ET.md,https://pid.gov.pk/site/press_detail/33638
B014,Pakistan_AI_Policy_Infrastructure_Daily_Brief_2026-09-02_2219ET.md,https://www.moitt.gov.pk/Policies
B014,Pakistan_AI_Policy_Infrastructure_Daily_Brief_2026-09-02_2219ET.md,https://www.moitt.gov.pk/Legislations
B014,Pakistan_AI_Policy_Infrastructure_Daily_Brief_2026-09-02_2219ET.md,https://moitt.gov.pk/SiteImage/Misc/files/National%20AI%20Policy.pdf
B014,Pakistan_AI_Policy_Infrastructure_Daily_Brief_2026-09-02_2219ET.md,https://www.pda.gov.pk/press-details.php?id=data-governance-policy
B014,Pakistan_AI_Policy_Infrastructure_Daily_Brief_2026-09-02_2219ET.md,https://pda.gov.pk/acts-and-regulations.php
B014,Pakistan_AI_Policy_Infrastructure_Daily_Brief_2026-09-02_2219ET.md,https://standards.dnp.gov.pk/register.html
B014,Pakistan_AI_Policy_Infrastructure_Daily_Brief_2026-09-02_2219ET.md,https://pkcert.gov.pk/advisories.asp
B014,Pakistan_AI_Policy_Infrastructure_Daily_Brief_2026-09-02_2219ET.md,https://www.dawn.com/news/2026379
B014,Pakistan_AI_Policy_Infrastructure_Daily_Brief_2026-09-02_2219ET.md,https://dailytimes.com.pk/1547223/ihc-seeks-comments-on-social-media-regulations-for-under-16/
B014,Pakistan_AI_Policy_Infrastructure_Daily_Brief_2026-09-02_2219ET.md,https://www.pc.gov.pk/web/press/get_press/1702
B014,Pakistan_AI_Policy_Infrastructure_Daily_Brief_2026-09-02_2219ET.md,https://epms.ppra.gov.pk/public/tenders/tender-details/TS0000010170E
B014,Pakistan_AI_Policy_Infrastructure_Daily_Brief_2026-09-02_2219ET.md,https://epms.ppra.gov.pk/public/tenders/active-tenders?procurement_category=3
B014,Pakistan_AI_Policy_Infrastructure_Daily_Brief_2026-09-02_2219ET.md,https://epms.ppra.gov.pk/public/tenders/tender-details/TS0000011758E
B014,Pakistan_AI_Policy_Infrastructure_Daily_Brief_2026-09-02_2219ET.md,https://ndrmf.pk/procurement/tender/
B014,Pakistan_AI_Policy_Infrastructure_Daily_Brief_2026-09-02_2219ET.md,https://pa.epads.gov.pk/procurement/non-consultancy-services/69042/sbd
B014,Pakistan_AI_Policy_Infrastructure_Daily_Brief_2026-09-02_2219ET.md,https://epms.ppra.gov.pk/public/tenders/tender-details/TS0000010223E
B014,Pakistan_AI_Policy_Infrastructure_Daily_Brief_2026-09-02_2219ET.md,https://epms.ppra.gov.pk/public/tenders/tender-details/TS0000010257E
B014,Pakistan_AI_Policy_Infrastructure_Daily_Brief_2026-09-02_2219ET.md,https://epms.ppra.gov.pk/public/tenders/tender-details/TS0000001081E
B014,Pakistan_AI_Policy_Infrastructure_Daily_Brief_2026-09-02_2219ET.md,https://epms.ppra.gov.pk/public/tenders/tender-details/TS0000011780E
B014,Pakistan_AI_Policy_Infrastructure_Daily_Brief_2026-09-02_2219ET.md,https://epms.ppra.gov.pk/public/evaluations/evaluation-details/EVL00000000515
B014,Pakistan_AI_Policy_Infrastructure_Daily_Brief_2026-09-02_2219ET.md,https://epms.ppra.gov.pk/public/contracts
B014,Pakistan_AI_Policy_Infrastructure_Daily_Brief_2026-09-02_2219ET.md,https://www.moitt.gov.pk/NewsDetail/M2E5NDQxZWItZWVjNC00MDFmLWJiMjItMTVmMTQ4MjQ1YWUz
B014,Pakistan_AI_Policy_Infrastructure_Daily_Brief_2026-09-02_2219ET.md,https://pda.gov.pk/press-details.php?id=google-opens-office-in-pakistan
B014,Pakistan_AI_Policy_Infrastructure_Daily_Brief_2026-09-02_2219ET.md,https://www.moib.gov.pk/News/66341
B014,Pakistan_AI_Policy_Infrastructure_Daily_Brief_2026-09-02_2219ET.md,https://about.google/company-info/locations/
B014,Pakistan_AI_Policy_Infrastructure_Daily_Brief_2026-09-02_2219ET.md,https://cloud.google.com/about/locations
B014,Pakistan_AI_Policy_Infrastructure_Daily_Brief_2026-09-02_2219ET.md,https://datacenters.google/locations/
B014,Pakistan_AI_Policy_Infrastructure_Daily_Brief_2026-09-02_2219ET.md,https://www.google.com/about/careers/applications/jobs/results?location=Pakistan
B014,Pakistan_AI_Policy_Infrastructure_Daily_Brief_2026-09-02_2219ET.md,https://auqaf.punjab.gov.pk/node/835
B014,Pakistan_AI_Policy_Infrastructure_Daily_Brief_2026-09-02_2219ET.md,https://dgipr.kp.gov.pk/world-bank-delegation-meets-khyber-pakhtunkhwa-government-to-discuss-it-digital-infrastructure-and-energy-initiatives/
B014,Pakistan_AI_Policy_Infrastructure_Daily_Brief_2026-09-02_2219ET.md,https://vid.app.com.pk/vid/2026/09/%D8%B5%D9%88%D8%A8%D8%A7%D8%A6%DB%8C-%D9%88%D8%B2%DB%8C%D8%B1-%D8%B5%D9%86%D8%B9%D8%AA-%D9%88-%D8%AA%D8%AC%D8%A7%D8%B1%D8%AA-%DA%86%D9%88%D8%AF%DA%BE%D8%B1%DB%8C-%D8%B4%D8%A7%D9%81%D8%B9-%D8%AD-41/
