source_id,publisher,document_title,url,source_type,publication_date,event_date,access_date_utc,availability,limitations
S001,Ministry of IT and Telecommunication (MoITT),Policies register,https://www.moitt.gov.pk/Policies,official ministry register,live,,2026-09-03,opened and assessed,Mutable register; current status captured at access time.
S002,MoITT,National Artificial Intelligence Policy,https://www.moitt.gov.pk/SiteImage/Policies/National%20AI%20Policy.pdf,official policy text,2025-07-31,2025-07-30/31,2026-09-03,opened and assessed,MoITT register and Cabinet announcement differ by one day.
S003,Radio Pakistan,"Federal Cabinet approves Hajj Policy 2026, Artificial Intelligence Policy 2025",https://www.radio.gov.pk/30-07-2025/federal-cabinet-approves-hajj-policy-2026-artificial-intelligence-policy-2025,official broadcaster,2025-07-30,2025-07-30,2026-09-03,opened and assessed,"Official summary, not the policy text."
S004,Senate of Pakistan,"The Regulation of Artificial Intelligence Bill, 2024 — bill summary",https://www.senate.gov.pk/en/billsummary.php?bid=1544,official parliamentary register,live,2024-09-09,2026-09-03,opened and assessed,Register records disposition; not an enacted law.
S005,MoITT,Legislations register,https://www.moitt.gov.pk/Legislations,official ministry register,live,,2026-09-03,opened and assessed,Mutable register; separates executive draft lineages.
S006,National Assembly of Pakistan,Debates / answer concerning data-protection legislation,https://na.gov.pk/uploads/documents/6a1d62bdce349_708.pdf,official parliamentary record,2026-05-14,2026-05-14,2026-09-03,opened and assessed,Uses a heading referring to an Act while operative text still describes a bill/proposal.
S007,Senate of Pakistan,Private Members' Bills register,https://senate.gov.pk/en/pbs.php?catid=1&cattitle=Bills&leftcatid=278&subcatid=276,official parliamentary register,live,2023-02-13,2026-09-03,opened and assessed,Separate from MoITT executive drafts.
S008,Senate of Pakistan,Acts of Parliament register,https://senate.gov.pk/en/acts.php,official parliamentary register,live,,2026-09-03,opened and assessed,Negative finding bounded to displayed register entries.
S009,Pakistan Digital Authority (PDA),Pakistan Digital Authority to Oversee the Country's First National Data Governance Policy,https://www.pda.gov.pk/press-details.php?id=data-governance-policy,official authority release,2026-06-30,2026-06-30,2026-09-03,opened and assessed,Describes a proposed draft and consultation.
S010,PDA,Consultations concluded on the National Data Governance Policy 2026,https://pda.gov.pk/press-details.php?id=pda-dgp-consultation,official authority release,2026-08-05,2026-08-05,2026-09-03,opened and assessed,"'Final stage' is process language, not proof of approval."
S011,PDA,From Fragmentation to Federation,https://pda.gov.pk/press-details.php?id=from-fragmentation-to-federation,official authority release,2026-08-21,2026-08-21,2026-09-03,opened and assessed,Still describes the Data Governance Policy as a draft.
S012,Ministry of Information and Broadcasting,Cabinet approves Pakistan Information Security Framework 2026,https://www.moib.gov.pk/News/66315,official government release,2026-08-11,2026-08-10/11,2026-09-03,opened and assessed,Summarizes Cabinet action; exact Cabinet decision date varies across reporting.
S013,PKCERT,GRC Policies — Pakistan Information Security Framework 2026,https://pkcert.gov.pk/grc-policies.asp,official cybersecurity authority register,live,,2026-09-03,opened and assessed,Links the framework and control suite; no standalone PISF SRO was located.
S014,PKCERT,Pakistan Information Security Framework 2026 — merged version,https://pkcert.gov.pk/uploads/2026/03/PISF_Merged-Version.pdf,official framework text,2026,,2026-09-03,opened and assessed,Not itself an Act; enforceability outside expressly covered entities is not established.
S015,Dawn,"Cabinet okays housing policy, cybersecurity framework",https://www.dawn.com/news/2022051/cabinet-okays-housing-policy-cybersecurity-framework,reputable news,2026-08-11,2026-08-10,2026-09-03,opened and assessed,Secondary corroboration.
S016,PDA / Digital Nation Pakistan,Standards register,https://standards.dnp.gov.pk/register.html,official standards register,live,,2026-09-03,opened and assessed,Four visible entries remain Pilot; two are working drafts.
S017,PVARA,Regulatory framework,https://pvara.gov.pk/regulations,official regulator register,live,,2026-09-03,opened and assessed,Summary page contains a ten-year statement that is narrower in the operative text.
S018,PVARA / Gazette of Pakistan,"Pakistan Virtual Asset Services Regulations, 2026 — S.R.O. 1419(I)/2026","https://pvara.gov.pk/documents/Pakistan%20Virtual%20Asset%20Services%20Regulations,%202026%20-%20Notified%2021%20August%202026.pdf",official gazetted regulation,2026-08-21,2026-08-21,2026-09-03,opened and assessed,Operative primary text.
S019,PVARA / Gazette of Pakistan,"Pakistan Virtual Asset Services Activity Specific Regulations, 2026 — S.R.O. 1420(I)/2026","https://pvara.gov.pk/documents/Pakistan%20Virtual%20Asset%20Services%20Activity%20Specific%20Regulations,%202026%20-%20Notified%2021%20August%202026.pdf",official gazetted regulation,2026-08-21,2026-08-21,2026-09-03,opened and assessed,Operative primary text.
S020,PVARA,VASP licensing,https://pvara.gov.pk/licensing,official regulator guidance,live,,2026-09-03,opened and assessed,Portal/guidance evidence; licence decisions must be checked separately.
S021,Radio Pakistan,Pakistan introduces regulatory system for digital economy,https://radio.gov.pk/22-08-2026/pakistan-introduces-transparent-regulatory-system-for-digital-economy,official broadcaster,2026-08-22,2026-08-21,2026-09-03,opened and assessed,"Official summary, not operative text."
S022,PKCERT,Advisories index,https://pkcert.gov.pk/advisories.asp,official cybersecurity authority register,live,,2026-09-03,opened and assessed,Index lacks displayed publication dates.
S023,PKCERT,Advisory 16 — Malware Targeting Synchronized Passkeys on Compromised Windows Systems,https://pkcert.gov.pk/advisory/26/16.pdf,official advisory,2026-08-24,2026-08-24,2026-09-03,opened and assessed,Date supported by identifier and PDF metadata; exact release time unavailable.
S024,PKCERT,Advisory 17 — Adobe Acrobat Chrome Extension Vulnerability Exposing WhatsApp Web Sessions,https://pkcert.gov.pk/advisory/26/17.pdf,official advisory,2026-08-24,2026-08-24,2026-09-03,opened and assessed,Date supported by identifier and PDF metadata; exact release time unavailable.
S025,Press Information Department (PID),MoITT to introduce fresh bill to expedite legislative process on PTRA,https://pid.gov.pk/site/press_detail/33741,official government release,2026-08-28,2026-08-28,2026-09-03,opened and assessed,"Fresh bill is stated intent, not a verified introduction."
S026,Senate of Pakistan,Government Bills transmitted by the National Assembly,https://www.senate.gov.pk/en/gbna.php?catid=186&cattitle=Bills&leftcatid=279&subcatid=276,official parliamentary register,live,2026-08-28,2026-09-03,opened and assessed,Records withdrawal; no successor text was visible at cutoff.
S027,Khyber Pakhtunkhwa Assembly,"The Khyber Pakhtunkhwa Promotion of Digital Payments Bill, 2026",https://www.pakp.gov.pk/bill/the-khyber-pakhtunkhwa-promotion-of-digital-payments-bill-2026/,official provincial parliamentary register,live,2026-04-06,2026-09-03,opened and assessed,Current status says referred to Standing Committee No. 10.
S028,Express Tribune,K-P Assembly approves digital payments bill,https://tribune.com.pk/story/2625229/k-p-assembly-approves-digital-payments-bill,reputable news,2026-08-22,2026-08-21,2026-09-03,opened and assessed,Headline/passsage claim conflicts with current official tracker and article body says introduced.
S029,DGIPR Khyber Pakhtunkhwa,Standing committee considers workplace-harassment amendments,https://dgipr.kp.gov.pk/sc-27-8-26/,official provincial release,2026-08-27,2026-08-27,2026-09-03,opened and assessed,"Urdu release; describes committee action, not enactment."
S030,SECP,SECP website / circular register,https://www.secp.gov.pk/,official regulator site,live,,2026-09-03,opened and assessed,Initial discovery source only; the direct instrument and official document page are S101-S102.
S031,Super Law Services,SuperNews 28-8-2026,https://superlawpk.com/archives/12908,specialist commentary/index,2026-08-28,2026-08-27,2026-09-03,opened and assessed,Initial discovery corroboration only; not a substitute for the SECP instrument at S101-S102.
S032,HUM News,Punjab Assembly passes resolution to ban social media accounts for under-16s,https://humenglish.com/latest/punjab-assembly-passes-resolution-to-ban-social-media-accounts-for-under-16s/,news report,2026-09-01,2026-09-01,2026-09-03,opened and assessed,Official resolution text was not located; resolution is not legislation.
S033,Dawn,IHC seeks replies on under-16 social-media age verification,https://www.dawn.com/news/2026379,reputable news,2026-08-31,2026-08-31,2026-09-03,opened and assessed,Authenticated court order not located.
S034,Business Recorder,Social media age verification: IHC directs authorities to submit reply,https://www.brecorder.com/news/40437291/social-media-age-verification-ihc-direct-authorities-to-submit-reply,reputable news,2026-09-01,2026-08-31,2026-09-03,opened and assessed,Secondary corroboration; not the order.
S035,Associated Press of Pakistan (APP),"NADRA, FBISE sign agreement to integrate student registration, educational certificates system",https://www.app.com.pk/national/nadra-fbise-sign-agreement-to-integrate-student-registration-educational-certificates-system/,official news agency,2026-09-01,2026-09-01,2026-09-03,opened and assessed,Agreement text and production evidence unavailable.
S036,PPRA,National AI Hubs tender TS0000010287E,https://epms.ppra.gov.pk/public/tenders/tender-details/TS0000010287E,official procurement record,2026-08-18,2026-08-31,2026-09-03,opened and assessed,Current closing field and corrigendum history conflict; no evaluation or award visible.
S037,EPADS,Establishment of National AI Hubs procurement 71677,https://epads.gov.pk/opportunities/federal/procurements/71677,official procurement record,2026-08-18,2026-08-31,2026-09-03,opened and assessed,Tender-stage record.
S038,PPRA,MoITT AI capacity-building tender TS0000006913E,https://epms.ppra.gov.pk/public/tenders/tender-details/TS0000006913E,official procurement record,2026-05-23,2026-08-19,2026-09-03,opened and assessed,Evaluation/lowest-bidder stage is not award.
S039,PPRA,Evaluation results register — MoITT AI training,https://epms.ppra.gov.pk/public/evaluations?page=7,official procurement register,2026-08-19,2026-08-19,2026-09-03,opened and assessed,Mutable paginated register.
S040,PPRA,NAVTTC AI-enabled services tender TS0000010237E,https://epms.ppra.gov.pk/public/tenders/tender-details/TS0000010237E,official procurement record,2026,2026-08-21/28,2026-09-03,opened and assessed,Procurement stage only.
S041,PPRA,NAVTTC technical evaluation EVL00000002896,https://epms.ppra.gov.pk/public/evaluations?page=1,official procurement register,2026-08-21,2026-08-21,2026-09-03,opened and assessed,Six bids; mutable paginated register.
S042,PPRA,NAVTTC final evaluation EVL00000003006,https://epms.ppra.gov.pk/public/evaluations?page=4,official procurement register,2026-08-28,2026-08-28,2026-09-03,opened and assessed,Lowest evaluated bidder is not award/contract.
S043,PPRA,PTA AI-powered DIRBS tender TS0000011207E,https://epms.ppra.gov.pk/public/tenders/tender-details/TS0000011207E,official procurement record,2026-08-10,2026-08-27,2026-09-03,opened and assessed,"No evaluation, award, system design, or safeguards visible."
S044,EPADS,PTA annual procurement-plan record for DIRBS,https://epads.gov.pk/federal/annual-plan/procurement/2473/7564/2026-27,official procurement-plan record,2026,,2026-09-03,opened and assessed,Plan/tender metadata conflict; do not conflate stages.
S045,PPRA,"NADRA NDW racks, containment systems and PDUs tender TS0000010535E",https://epms.ppra.gov.pk/public/tenders/tender-details/TS0000010535E,official procurement record,2026-07-29,2026-08-20,2026-09-03,opened and assessed,"No evaluation, award, delivery, or commissioning visible."
S046,PPRA,NADRA branch switches and management licences tender TS0000010591E,https://epms.ppra.gov.pk/public/tenders/tender-details/TS0000010591E,official procurement record,2026,2026-08-20,2026-09-03,opened and assessed,"No evaluation, award, delivery, or commissioning visible."
S047,UN Global Marketplace / WHO,RFP EM/PAK — GIS-Enabled Digital EPI Microplanning and NEIR Integration in Balochistan,https://www.ungm.org/Public/Notice/310156,international institution procurement,2026-08-24 in B006 capture; current page displays 2026-08-28,2026-08-27/2026-09-06,2026-09-03,opened and assessed,Mutable record: B006 transcribed ‘Published 24 Aug 2026’; the current page displays ‘Published 28-Aug-2026’. The page also retains superseded deadlines; latest displayed deadline is 6 September 2026 11:00 PKT.
S048,Jazz,"Jazz becomes first operator to reach 1,000 5G sites",https://jazz.com.pk/media-center/detail/jazz-becomes-first-operator-to-reach-1000-5g-sites,direct company release,2026-08-27,2026-08-27,2026-09-03,opened and assessed,Company-reported footprint; no independent QoS/capex audit.
S049,Jazz,Jazz secures 190 MHz spectrum to accelerate Pakistan's 5G future,https://jazz.com.pk/media-center/detail/jazz-secures-190-mhz-spectrum-to-accelerate-pakistans-5g-future,direct company release,2026,,2026-09-03,opened and assessed,Direct company context for spectrum and investment commitment.
S050,PPRA,FAB spectrum-monitoring contract PCN-3884318406,https://epms.ppra.gov.pk/public/contracts/contract-details/PCN-3884318406,official procurement contract record,2026-08-25,2026-08-21,2026-09-03,opened and assessed,"Contract does not prove installation, commissioning, or acceptance."
S051,PID,Jam Kamal Khan pushes sovereign cloud and AI-powered trade ecosystem,https://pid.gov.pk/site/press_detail/33671,official government release,2026-08-21,2026-08-21,2026-09-03,opened and assessed,Meeting/discussion only; contains no 8.5 MW claim.
S052,Radio Pakistan,"PM, Field Marshal inaugurate Sky47 Karakoram-01 Data Centre",https://www.radio.gov.pk/24-07-2026/pm-field-marshal-inaugurate-sky47-karakorum-01-data-centre,official broadcaster,2026-07-24,2026-07-24,2026-09-03,opened and assessed,"Canonical Radio Pakistan URL replacing the retired new.radio.gov.pk staging host; still only supports the inauguration baseline, not certified IT load, GPU inventory or operational utilisation."
S053,Data Center Dynamics,Pakistani operator Sky47 inaugurates 8.5MW data center in Islamabad,https://www.datacenterdynamics.com/en/news/pakistani-operator-sky47-inaugurates-85mw-data-center-in-islamabad/,specialist industry news,2026-07-29,2026-07-24,2026-09-03,opened and assessed,8.5 MW is facility-level reporting; IT load/utilisation not independently established.
S054,Mari Energies / Pakistan Stock Exchange,Material information concerning data-centre venture,https://dps.psx.com.pk/download/document/254563.pdf,company exchange disclosure,2026,,2026-09-03,opened and assessed,Contains plans/targets that should not be treated as commissioning evidence.
S055,Dawn / Resecurity,Resecurity and Sky47 partner to enable sovereign cybersecurity and AI infrastructure in Pakistan,https://www.dawn.com/news/2025965/resecurity-and-sky47-partner-to-enable-sovereign-cybersecurity-and-ai-infrastructure-in-pakistan,advertorial / direct company claim,2026-08-29,signing date unstated; announcement 2026-08-27,2026-09-03,opened and assessed,Explicit advertorial; forward-looking partnership language and no deployment proof.
S056,MoITT,Pakistan's National Semiconductor Cluster Framework now complete as NED joins SERC,https://www.moitt.gov.pk/NewsDetail/MTJmOTg2OGQtOTNlYi00MDZjLTk0MDktNGRiMmQzMTEzYTdm,official ministry release,2026-08-29,2026-08-29,2026-09-03,opened and assessed,"Contract itself, budget, lab specification and delivery evidence unavailable."
S057,NED University,Events — INSPIRE / PSEB semiconductor cluster,https://www.neduet.edu.pk/content/events,university publication,live,2026,2026-09-03,opened and assessed,Sparse supporting entry; no contract text.
S058,APP,Maryam delivers address at Big Data Industry Expo,https://www.app.com.pk/punjab/maryam-delivers-thought-provoking-address-at-big-data-industry-expo/,official news agency,2026-08-28,2026-08-28,2026-09-03,opened and assessed,"Relays Punjab government claims; no architecture, legal instrument, or acceptance record."
S059,DGIPR Khyber Pakhtunkhwa,KP digital-government delivery update,https://dgipr.kp.gov.pk/stit-28-8-26/,official provincial release,2026-08-28,2026-08-27,2026-09-03,opened and assessed,Government self-report; independent service-volume/outcome evidence absent.
S060,Business Recorder,"Punjab, Huawei agree to expand AI, digital cooperation",https://www.brecorder.com/news/40436971/punjab-huawei-agree-to-expand-ai-digital-cooperation,reputable news,2026-08-29,2026-08-28,2026-09-03,opened and assessed,"No primary signed instrument, financing, site, or capacity source located."
S061,APP,Alibaba Cloud shows interest in Punjab's IT sector,https://www.app.com.pk/punjab/alibaba-cloud-shows-keen-interest-in-punjabs-it-sector-cm-maryam-invites-chinese-ai-collaboration/,official news agency,2026-08-30,2026-08-30,2026-09-03,opened and assessed,"Reports discussion/potential partnership, not implementation."
S062,Radio Pakistan,AI being integrated into governance system in Punjab: CM,https://radio.gov.pk/30-08-2026/ai-being-integrated-into-governance-system-in-punjab-cm,official broadcaster,2026-08-30,2026-08-30,2026-09-03,opened and assessed,Government handout; no signed text or delivery evidence.
S063,DGIPR Khyber Pakhtunkhwa,"World Bank delegation meets KP government on IT, digital infrastructure and energy initiatives",https://dgipr.kp.gov.pk/world-bank-delegation-meets-khyber-pakhtunkhwa-government-to-discuss-it-digital-infrastructure-and-energy-initiatives/,official provincial release,2026-08-31,2026-08-28,2026-09-03,opened and assessed,Page says meeting occurred Friday; publication and event dates differ.
S064,APP,Shaza meets Saudi Minister of Communications and Information Technology,https://www.app.com.pk/national/shaza-meets-saudi-minister-of-communications-and-information-technology/,official news agency,2026-09-01,2026-09-01,2026-09-03,opened and assessed,"No instrument, project, financing, or timetable disclosed."
S065,Arab News Pakistan,Minister says Pakistan will share digital infrastructure with emerging economies,https://www.arabnews.pk/pakistan/minister-tells-saudi-expo-pakistan-will-share-digital-infrastructure-free-with-emerging-economies-3000008,reputable international news,2026-09-01,2026-09-01,2026-09-03,opened and assessed,"Ministerial intention; code, licence, readiness, recipients and safeguards unavailable."
S066,Punjab Auqaf and Religious Affairs Department,AI-based digital monitoring system at model shrines,https://auqaf.punjab.gov.pk/node/835,official provincial release,2026-09-02,2026-09-02,2026-09-03,opened and assessed,"Operational claim is authority-reported; vendor, biometric scope and assurance evidence absent."
S067,APP Video,Punjab minister announces PBTE digitisation and AI courses,https://vid.app.com.pk/vid/2026/09/%D8%B5%D9%88%D8%A8%D8%A7%D8%A6%DB%8C-%D9%88%D8%B2%DB%8C%D8%B1-%D8%B5%D9%86%D8%B9%D8%AA-%D9%88-%D8%AA%D8%AC%D8%A7%D8%B1%D8%AA-%DA%86%D9%88%D8%AF%DA%BE%D8%B1%DB%8C-%D8%B4%D8%A7%D9%81%D8%B9-%D8%AD-41/,official news agency video,2026-09-02,2026-09-02,2026-09-03,404 on 2026-09-03 audit; retained as provenance/archive-only,"The APP video mixed PBTE digitisation claims with a separate PTUT course announcement and lacks institutional artefacts proving course delivery, system operation or acceptance."
S068,Planning Commission of Pakistan,CDWP considers Emerging Technologies Data Centre and National AI Ecosystem Development Program,https://www.pc.gov.pk/web/press/get_press/1702,official planning release,2026-06-25,2026-06-18 / 2026-06-25 (official conflict),2026-09-03,opened and assessed,"In-principle/recommendation stage; not ECNEC approval, release, award, construction or operation."
S069,PPRA,Sovereign National AI Infrastructure RFP TS0000010170E,https://epms.ppra.gov.pk/public/tenders/tender-details/TS0000010170E,official procurement record,2026-07-24,2026-09-21,2026-09-03,opened and assessed,Open/pre-award; page's weekday label for 21 September is erroneous.
S070,Punjab Information Technology Board,Tender notices,https://pitb.gov.pk/tendernotices,official provincial procurement register,live,,2026-09-03,opened and assessed,Mutable page; Government AI Cloud and later GPU identities/dates need document-level reconciliation.
S071,PITB,Bid document DC-11 — GPU servers,https://pitb.gov.pk/system/files/BD_DC-11_Corrigen-Published.pdf,official procurement document,2026,2026-07-02,2026-09-03,opened and assessed,Closed baseline; quantities must not be transferred to other GPU tenders.
S072,PITB,Bid document ITOPS-23 — AI-enabled data-centre package,https://pitb.gov.pk/system/files/BD_ITOPS_23_Corrigen_Published.pdf,official procurement document,2026,2026-07-01,2026-09-03,opened and assessed,Closed baseline; no award or accepted delivery located.
S073,Dubai International Financial Centre,Dubai FinTech Summit expands globally with Pakistan Digital Authority,https://www.difc.com/whats-on/news/difcs-dubai-fintech-summit-expands-globally-with-pakistan-digital-authority,direct institution release,2026-02-23,,2026-09-03,opened and assessed,Advance announcement does not prove later summit outcomes.
S074,PID,Prime Minister meets Google delegation and unveils plaque,https://pid.gov.pk/site/press_detail/33638,official government release,2026-08-18,2026-08-18,2026-09-03,opened and assessed,"Ceremony occurred at Prime Minister House; no office street address, occupancy or staffing evidence."
S075,PDA,Google opens office in Pakistan,https://pda.gov.pk/press-details.php?id=google-opens-office-in-pakistan,official authority release,2026-09-01,2026-08-18,2026-09-03,opened and assessed,Retrospective government claim; no office address or operational particulars.
S076,Dawn,Google announces local office as prime minister unveils plaque,https://www.dawn.com/news/2023681,reputable news,2026-08-18,2026-08-18,2026-09-03,opened and assessed,Relays Google/company statement but provides no premises evidence.
S077,PID,Government of Pakistan–Google framework MoU,https://pid.gov.pk/site/press_detail/33684,official government release,2026-08-21,2026-08-21,2026-09-03,opened and assessed,Instrument and implementation workplan were not published.
S078,Ministry of Information and Broadcasting,Google framework MoU and digital-skills programmes,https://www.moib.gov.pk/News/66341,official government release,2026-08-24,2026-08-21,2026-09-03,opened and assessed,Later release describing same agreement; not independent corroboration.
S079,PID,Government claims concerning Google programmes in Pakistan,https://pid.gov.pk/site/press_detail/33645,official government release,2026-08-19,2026-08-19,2026-09-03,opened and assessed,"Programme numbers are government claims, not independently audited outcomes."
S080,Google Ads Help,Taxes in your country — Google Pakistan (Private) Limited,https://support.google.com/google-ads/answer/2375370?hl=en-GB,direct company operational guidance,live,2026-08-01/2026-10-01,2026-09-03,opened and assessed,"Verifies a limited commercial/tax counterparty role, not a physical office."
S081,Google,Office locations,https://about.google/company-info/locations/,direct company directory,live,,2026-09-03,opened and assessed,No Pakistan match at cutoff; absence does not prove no local presence.
S082,Google Cloud,Global locations — regions and zones,https://cloud.google.com/about/locations,direct company directory,live,,2026-09-03,opened and assessed,No Pakistan region at cutoff.
S083,Google Data Centers,Locations,https://datacenters.google/locations/,direct company directory,live,,2026-09-03,opened and assessed,No Pakistan owned-data-centre location at cutoff.
S084,Google Careers,Pakistan-filtered jobs,https://www.google.com/about/careers/applications/jobs/results?location=Pakistan,direct company jobs directory,live,,2026-09-03,opened and assessed,"Three matches at cutoff, two explicit Karachi; postings lack a shared event timestamp."
S085,National Assembly of Pakistan,Acts register,https://www.na.gov.pk/en/acts.php,official parliamentary register,live,,2026-09-03,opened and assessed,No in-scope horizontal personal-data Act visible at cutoff.
S086,Sky47,Sky47 and Resecurity sign a Memorandum of Understanding,https://www.linkedin.com/posts/sky47limited_sky47-resecurity-cybersecurity-activity-7498665122295517184-fA11,direct company announcement,2026-08-27,signing date unstated,2026-09-03,opened and assessed,First-party LinkedIn post marked Edited; exact announcement timestamp inferred from the native activity identifier.
S087,C-Suite Exchange,Sky47 and Resecurity sign MoU to strengthen cybersecurity collaboration,https://c-suite.exchange/sky47-and-resecurity-sign-mou-to-strengthen-cybersecurity-collaboration/,trade publication,2026-08-27,signing date unstated,2026-09-03,opened and assessed,Corroborates the public announcement; independence from company-provided material is unclear.
S088,Press Information Department,Pakistan's National Semiconductor Cluster Framework now complete as NED joins SERC,https://pid.gov.pk/site/press_detail/33749,official government release,2026-08-29,2026-08-29,2026-09-03,opened and assessed,"Confirms contract/designation but does not publish the contract, its value, or a commencement certificate."
S089,Pakistan Software Export Board,RFP for three Semiconductor Education and Research Clusters,https://techdestination.com/wp-content/uploads/2025/09/Request-for-Proposal-NSHRDP-SERC-Procurement-2.51.pdf,official procurement document,2025,,2026-09-03,opened and assessed,Procurement framework establishes downstream inspection and commencement steps; it is not proof those steps occurred.
S090,Press Information Department,National Semiconductor Human Resource Development Program budget and targets,https://pid.gov.pk/site/press_detail/32338,official government release,2026,,2026-09-03,opened and assessed,"PKR 4.844 billion is the whole NSHRDP budget, not the NED contract value."
S091,Express Tribune,Citizen facilitation centres planned,https://tribune.com.pk/story/2626183/citizen-facilitation-centres-planned?amp=1,reputable news,2026-08-28,2026-08-27,2026-09-03,opened and assessed,Appears derived from the same provincial handout and is not independent operational corroboration.
S092,Associated Press of Pakistan,"Punjab CM, Huawei agree to expand AI, digital cooperation",https://www.app.com.pk/punjab/punjab-cm-huawei-agree-to-expand-ai-digital-cooperation/,official news agency,2026-08-28,2026-08-28,2026-09-03,opened and assessed,"Government-side account; no Huawei release, signed instrument, financing, site, or capacity specification was found."
S093,Express Tribune,Chinese firm shows interest in Punjab IT sector,https://tribune.com.pk/story/2626664/chinese-firm-shows-interest-in-punjab-it-sector?amp=1,reputable news,2026-08-31,2026-08-30,2026-09-03,opened and assessed,"Appears handout-derived; supports meeting chronology, not an independent project commitment."
S094,Radio Pakistan,"Pakistan, Alibaba Group ink agreements to boost digital-economy cooperation",https://radio.gov.pk/24-05-2026/pakistan-alibaba-group-ink-agreements-to-boost-digital-economy-cooperation,official broadcaster,2026-05-24,2026-05-24,2026-09-03,opened and assessed,Earlier national agreements are context and must not be conflated with the 30 August Punjab meeting.
S095,Business Recorder,"KP, World Bank team discuss IT, digital infrastructure and energy initiatives",https://www.brecorder.com/news/40437177/advisor-cs-kp-world-bank-team-discuss-it-digital-infrastructure-list-6,reputable news,2026-08-31,2026-08-28,2026-09-03,opened and assessed,Repeats the provincial account; no World Bank release or financing decision was located.
S096,Saudi National Cybersecurity Authority,Saudi Arabia and Pakistan sign cybersecurity MoU,https://nca.gov.sa/ar/news/2581/,official foreign-government release,2026-09-01,2026-09-01,2026-09-03,opened and assessed,"Confirms the signed cybersecurity MoU; full instrument, term and workplan were not published."
S097,Radio Pakistan,"Pakistan, Saudi Arabia sign MoU in area of cybersecurity",https://www.radio.gov.pk/02-09-2026/pakistan-saudi-arabia-sign-mou-in-area-of-cybersecurity,official broadcaster,2026-09-02,2026-09-01,2026-09-03,opened and assessed,Cross-party governmental corroboration; no full instrument.
S098,Associated Press of Pakistan,"Pakistan, Saudi Arabia sign cybersecurity agreement",https://www.app.com.pk/national/pakistan-saudi-arabia-sign-cybersecurity-agreement/,official news agency,2026-09-02,2026-09-01,2026-09-03,opened and assessed,Corroborates signing; implementation particulars remain unavailable.
S099,MoITT,Pakistan will share national digital infrastructure free with emerging economies when complete,https://moitt.gov.pk/NewsDetail/NWI0ZjIwOTctYzc1Ny00NzBkLTliNGQtMzc2NWQxOTQyMzlk,official ministry release,2026-09-01,2026-09-01,2026-09-03,opened and assessed,"Explicitly says the stack is under development; no repository, licence, completion, audit or external deployment was found."
S100,Associated Press of Pakistan,Punjab Industries Minister chairs PBTE board meeting,https://www.app.com.pk/business/punjab-industries-minister-chairs-pbte-board-meeting/,official news agency,2026-09-02,2026-09-02,2026-09-03,opened and assessed,Conflates PBTE digitisation claims with a separate PTUT course announcement; no institutional artefacts or delivery evidence.
S101,SECP,Circular No. 19 of 2026 — Consolidated Framework for Investor Onboarding,https://www.secp.gov.pk/document/circular-no-19-of-2026-consolidated-framework-for-investor-onboarding-secp-regulated-persons/,official regulator instrument page,2026-08-27,issued 2026-08-25,2026-09-03,opened and assessed,Final circular; no express effective date. The direct control yielded an eight-page scanned instrument.
S102,SECP,Circulars register,https://www.secp.gov.pk/laws/circulars/,official regulator register,live,issued 2026-08-25,2026-09-03,opened and assessed,Mutable index; posting date differs from the instrument's issuance date.
S103,Dawn,SECP overhauls investor onboarding framework,https://www.dawn.com/news/2025777,reputable news,2026-08-28,2026-08-25,2026-09-03,opened and assessed,Secondary corroboration; the circular governs the operative provisions.
S104,Business Recorder,SECP revises investor onboarding framework,https://www.brecorder.com/news/40436941,reputable news,2026-08-28,2026-08-25,2026-09-03,opened and assessed,Secondary corroboration.
S105,Press Information Department,CDWP considers Emerging Technologies Data Centre,https://pid.gov.pk/site/press_detail/33093,official government release,2026-06-25,2026-06-18/25,2026-09-03,opened and assessed,Contemporaneous announcement says the meeting occurred that day; later official portfolio records date the action 18 June.
S106,Planning Commission,Monthly Development Update — July 2026,https://pc.gov.pk/uploads/pub/Monthly-Development-Update-July-2026.pdf,official planning portfolio report,2026-07,2026-06-18,2026-09-03,opened and assessed,Records ETDC as recommended to ECNEC on 18 June 2026.
S107,Planning Commission,Public Sector Development Programme 2026–27 — Final,https://pc.gov.pk/uploads/archives/PSDP_2026-27_Final.pdf,official budget document,2026,2026-06-18,2026-09-03,opened and assessed,"Records PKR 100 million allocation, zero expenditure through 30 June, and full throw-forward; allocation is not release or expenditure."
S108,Planning Commission,Annual Plan 2026–27,https://pc.gov.pk/uploads/annualplan/Annual-Plan-2026-27.pdf,official planning document,2026,,2026-09-03,opened and assessed,Lists ETDC among proposed major projects.
S109,Associated Press of Pakistan,"Pakistan, Saudi Arabia agree to strengthen cooperation in AI, data governance",https://www.app.com.pk/national/pakistan-saudi-arabia-agree-to-strengthen-cooperation-in-ai-data-governance/,official news agency,2026-09-01,2026-09-01,2026-09-03,opened and assessed,"Exploratory SDAIA meeting; no instrument, project, financing or timetable disclosed."
S110,Public Procurement Regulatory Authority,Replacement of NTC Peshawar transmission-hall battery banks — TS0000011042E,https://epms.ppra.gov.pk/public/tenders/tender-details/TS0000011042E,official procurement record,2026-08-23,current closing 2026-09-10; corrigendum history shows 2026-08-25,2026-09-03,opened and assessed,"Mutable record has conflicting deadline fields; procurement status does not prove award, installation, testing or acceptance."
S111,Public Procurement Regulatory Authority,State Life Karachi data-centre core switches — TS0000012358E,https://epms.ppra.gov.pk/public/tenders/tender-details/TS0000012358E,official procurement record,2026-08-28,closing 2026-09-23,2026-09-03,opened and assessed,"Tender-stage record; no evaluation, award, delivery, commissioning or acceptance evidence."
