briefing_a,briefing_b,five_word_shingle_jaccard,exact_normalized_duplicate
B004,B006,0.0222,no
B006,B010,0.0156,no
B004,B010,0.0153,no
B002,B003,0.0139,no
B004,B005,0.0137,no
B005,B006,0.0135,no
B006,B007,0.0127,no
B007,B008,0.0127,no
B008,B014,0.0122,no
B013,B014,0.0122,no
B001,B002,0.012,no
B006,B012,0.012,no
B011,B012,0.0112,no
B005,B014,0.0109,no
B007,B014,0.0108,no
B005,B007,0.0106,no
B009,B010,0.0103,no
B006,B014,0.0101,no
B006,B008,0.0099,no
B001,B003,0.0096,no
B010,B013,0.0096,no
B003,B008,0.0092,no
B007,B013,0.0091,no
B003,B011,0.009,no
B009,B012,0.009,no
B004,B012,0.0087,no
B005,B008,0.0087,no
B005,B009,0.0086,no
B011,B014,0.0085,no
B008,B011,0.0084,no
B010,B014,0.0084,no
B012,B014,0.0084,no
B004,B009,0.0082,no
B005,B011,0.0082,no
B004,B008,0.008,no
B003,B007,0.0079,no
B003,B004,0.0078,no
B007,B009,0.0078,no
B003,B005,0.0077,no
B003,B014,0.0076,no
B010,B011,0.0076,no
B010,B012,0.0076,no
B009,B011,0.0074,no
B006,B009,0.0071,no
B004,B011,0.0069,no
B008,B009,0.0069,no
B003,B012,0.0068,no
B007,B012,0.0068,no
B012,B013,0.0067,no
B004,B014,0.0066,no
B008,B012,0.0066,no
B002,B011,0.0065,no
B004,B013,0.0065,no
B005,B010,0.0065,no
B008,B010,0.0065,no
B004,B007,0.0063,no
B007,B010,0.0063,no
B003,B010,0.0062,no
B009,B013,0.0062,no
B005,B012,0.0061,no
B009,B014,0.0059,no
B003,B006,0.0057,no
B003,B009,0.0057,no
B006,B011,0.0056,no
B007,B011,0.0056,no
B002,B004,0.005,no
B003,B013,0.005,no
B002,B008,0.0049,no
B011,B013,0.0049,no
B005,B013,0.0047,no
B006,B013,0.0047,no
B001,B004,0.0045,no
B001,B012,0.0045,no
B002,B005,0.0043,no
B002,B009,0.0043,no
B001,B009,0.0037,no
B001,B010,0.0036,no
B002,B012,0.0035,no
B008,B013,0.0035,no
B002,B010,0.0034,no
B001,B011,0.0033,no
B002,B007,0.0033,no
B002,B006,0.0032,no
B001,B013,0.0031,no
B001,B014,0.003,no
B002,B013,0.0027,no
B001,B007,0.0026,no
B001,B008,0.0026,no
B002,B014,0.0025,no
B001,B006,0.0022,no
B001,B005,0.0019,no
