watch_id,date_or_trigger,topic,what_to_verify,source_id,source_url
W001,2026-09-05,PVARA transition deadline,"Complete applications, NOCs/licences, published reasons, transitional enforcement and cloud/cross-border implementation.",S020,https://pvara.gov.pk/licensing
W002,2026-09-06 11:00 PKT,WHO Balochistan GIS/NEIR RFP,"Final deadline, bids, award, hosting, access, retention, ethics and production acceptance.",S047,https://www.ungm.org/Public/Notice/310156
W003,2026-09-10,NTC power/resilience procurements,"Conflicting battery deadline, awards, installation, failover testing and acceptance.",S110,https://epms.ppra.gov.pk/public/tenders/tender-details/TS0000011042E
W004,2026-09-21 15:00 PKT,Sovereign National AI Infrastructure RFP,"Bid opening, evaluation, award, capacity, site, energy/cooling, access model, security and acceptance.",S069,https://epms.ppra.gov.pk/public/tenders/tender-details/TS0000010170E
W005,2026-09-23,State Life Karachi core switches,"Evaluation, award, delivery and commissioning.",S111,https://epms.ppra.gov.pk/public/tenders/tender-details/TS0000012358E
W006,2026-09-30 target,Sky47 Port Qasim expansion,"Actual commissioning, certification, MW/IT load, customers, GPUs, power/cooling and acceptance.",S054,https://dps.psx.com.pk/download/document/254563.pdf
W007,2026-10-01,Google Pakistan invoicing transition,"Invoices issued by local entity for eligible accounts, tax treatment, product scope and any premises/employment disclosures.",S080,https://support.google.com/google-ads/answer/2375370?hl=en-GB
W008,Next official register update,National Data Governance Policy and personal-data legislation,"Final text, approval/notification, introduced bill, passage, assent, Gazette and commencement.",S001,https://www.moitt.gov.pk/Policies
W009,Next procurement update,"National AI Hubs, MoITT training, NAVTTC AI services and PTA DIRBS",Opening/evaluation/award/contract/deployment/acceptance; do not infer completion from lowest-bidder or closing status.,S041,https://epms.ppra.gov.pk/public/evaluations?page=1
W010,Next official/company disclosure,Google physical presence,"Street address, office type, occupancy, employing entity, staffing, mandate, investment, local processing/hosting, Cloud region or owned data centre.",S081,https://about.google/company-info/locations/
W011,Next court/parliament update,Under-16 platform proposals,"IHC authenticated order/filings, official Punjab resolution, any bill or PTA instrument, age-assurance design and privacy/redress safeguards.",S033,https://www.dawn.com/news/2026379
W012,Next agency publication,NADRA–FBISE and Auqaf monitoring,"Legal basis, data maps, access/logging, retention, biometrics, security, human review, correction and audit.",S035,https://www.app.com.pk/national/nadra-fbise-sign-agreement-to-integrate-student-registration-educational-certificates-system/
W013,Next PITB tender-register update,PITB DC-02 GPU server procurement,"Direct tender identity, governing deadline, quantities, budget, evaluation, award, delivery and acceptance.",S070,https://pitb.gov.pk/tendernotices
W014,Next primary-source discovery,Gomal University data centre and RDA portal claims,"Direct institutional records, technical scope, contract or award, operating status, safeguards and acceptance evidence.",,
