entry_id,citation,theme,priority,source_id,annotation,how_to_use
A001,"Pakistan Telecommunication Authority. Telecom indicators and annual reports, 2014-2026.",Infrastructure and access,Essential,S001,This is the backbone for reconstructing the growth of mobile broadband and network coverage. Standardize every annual observation to the same endpoint before plotting; otherwise a June figure will cheerfully masquerade as comparable to a December figure.,Build the infrastructure timeline and contextual controls; do not treat subscriber growth as proof of music-industry growth.
A002,"Dawn/Reuters. 2014. “$1.1 billion raised from 3G, 4G auction.”",Infrastructure and access,Essential,S002,A precise contemporaneous anchor for the 2014 spectrum auction. It supports the choice of 2014 as the study’s starting point but cannot establish a causal effect on music without mechanism evidence and intermediate measures.,Use in process tracing and the event timeline.
A003,Dawn. 2016. “YouTube to be unblocked within 48 hours: PTA.”,Platforms and regulation,Essential,S004,Marks the restoration of a central music-video platform after a multi-year ban. The localized version also demonstrates that access and censorship developed together rather than as opposite historical phases.,Treat January 2016 as a distribution-regime change and code subsequent restrictions separately.
A004,"Spotify. 2021. “Spotify Expands International Footprint, Bringing Audio to 80+ New Markets.”",Platforms and regulation,Essential,S005,"Establishes the official date of Spotify’s Pakistani launch. It is useful for periodization, but launch announcements say nearly nothing about local subscriber conversion, editorial access, or payout distribution.",Use as a 2021 intervention point; obtain artist-level analytics and interview evidence for effects.
A005,Spotify. 2023. “Pakistani Artist Shae Gill Breaks Streaming Records With Viral Hit ‘Pasoori.’”,Global circulation,Essential,S006,"Provides a first-party account of a globally circulating Pakistani hit and domestic Wrapped status. Because it is a promotional profile, its value is the verified milestone, not its implication that one hit summarizes the market.",Case-study evidence; compare “Pasoori” with less institutionally supported tracks.
A006,Warner Music Group. 2024. “Warner Music Partners With Leading Pakistani Music Company Giraffe.”,Industry institutions,Essential,S009,"Documents an important connection between a global major label and a Pakistani production company. It signals institutional internationalization while leaving ownership, recoupment, artist contracts, and revenue splits conveniently invisible, as contracts tend to prefer darkness.",Map the value chain and interview both participating and non-participating artists.
A007,The Coca-Cola Company Pakistan. 2024. “Announcing Coke Studio Season 15.”,Corporate patronage,Essential,S010,"A primary statement of Coke Studio’s scale, cultural-export identity, and production agenda. Its aggregate reach figures should be independently checked and separated from artist-level economic outcomes.","Institutional case study, production-credit extraction, and claims audit."
A008,"WIPO Lex. The Copyright Ordinance, 1962, as amended in 2000.",Rights and law,Essential,S012,"The primary legal foundation for musical works, recordings, ownership, assignment, public performance, and broadcasting. The crucial analytical move is to separate rights on paper from registration, licensing, enforcement, bargaining, and actual payment.",Build the legal-rights matrix and interview questions; consult a Pakistani copyright lawyer for current interpretation.
A009,Radio Pakistan. 2023. “Pakistan’s first music policy prepared to resolve piracy and copyright issues.”,Rights and policy,Essential,S013,Records the government’s stated policy agenda and the categories of rights it intended to address. Its absence of implementation detail is itself analytically useful because policy announcement and state capacity are different variables.,"Trace the policy from draft to cabinet approval, rules, budget, enforcement, and stakeholder experience."
A010,Dawn Herald. 2016. “The minds and machines behind Pakistan’s music industry.”,Industry history,Essential,S018,"A valuable map of studios, labels, producers, catalogues, and early streaming services. It gives the project an institutional baseline and identifies actors whose later trajectories can be followed.",Construct the 2014-2016 baseline and a list of interview targets.
A011,The Express Tribune. 2019. “Patari in hot water over non-payment issues.”,Industry economics,Essential,S017,"One of the clearest public windows into the tension between streaming promises, delayed brand payments, subscriptions, and artist compensation. It should be treated as disputed evidence requiring triangulation rather than as a courtroom verdict written by a lifestyle desk.",Develop the local-platform failure case and payment-friction interview module.
A012,"Baloch, Shah Meer. 2022. “The rap star of Karachi.” The Guardian.","Gender, class, and region",Essential,S019,"Eva B’s career history makes visible constraints that platform metrics erase: family control, safety, lack of equipment, mobile recording, neighborhood stigma, language, and the leap from local platform to Coke Studio.",Comparative case on access versus conversion; recruit artists from different gender and class positions.
A013,"D’Souza, Ryan A. 2021. “Composing an Oppositional Discourse in Coke Studio Pakistan.”",Representation and nation,High,S020,Shows how gendered performance and mystical Islam can counter dominant images of Pakistan. It helps prevent the economic analysis from treating songs as interchangeable units whose only interesting quality is their view count.,Inform visual and lyrical coding and the soft-power chapter.
A014,"Chocano, Rodrigo. 2022. “Outsourcing the nation?” Indian Theatre Journal.",Corporate patronage,Essential,S021,"Directly addresses the collision between corporate agendas, multicultural representation, class, and nation branding in Coke Studio. Its network approach is especially useful for testing who repeatedly receives institutional access and who remains decorative diversity.","Replicate and extend the artist, genre, region, and collaborator network through Season 15."
A015,“Popular music as desecuritising discourse.” 2025. Taylor & Francis.,Cross-border audiences,High,S023,"A recent mixed-methods model using YouTube comments around major Coke Studio tracks. It supplies a methodological comparator and reminds the project that comment sections are fandom spaces, not miniature censuses of India and Pakistan.",Replicate selected analyses with multilingual validation and post-2025 geopolitical periods.
A016,"Nieborg, David B., and Thomas Poell. 2018. “The platformization of cultural production.”",Platform theory,Essential,S025,"The core conceptual tool for examining how platforms reorganize production, distribution, monetization, data feedback, and dependency. It supports analysis of YouTube, Spotify, and TikTok as institutions rather than neutral pipes.",Frame the value-chain chapter and platform-dependence variables.
A017,"Baym, Nancy K. 2018. Playing to the Crowd.",Creative labour,High,S026,"Provides a vocabulary for the intimate and relational work musicians perform online. That work should be measured in hours, emotional demands, and opportunity cost rather than romanticized as “engagement.”",Add relational-labour questions and time-use measures to artist interviews.
A018,"Hesmondhalgh, David. 2019. The Cultural Industries, 4th ed.",Political economy,Essential,S027,"Supplies the institutional vocabulary needed to distinguish a scene, a cultural revival, and an industry. Particularly useful for risk management, ownership, gatekeeping, labor markets, and the organization of symbolic production.",Define institutional maturity and structure the comparative conclusion.
A019,"Hesmondhalgh, David, and Sarah Baker. 2011. Creative Labour.",Creative labour,Essential,S028,"A strong framework for holding autonomy, pleasure, insecurity, self-exploitation, and bad working conditions in the same analysis. Useful because cultural work is rarely either pure liberation or pure misery, despite academics’ occasional preference for cleaner tragedies.",Design the quality-of-work and career-sustainability interview modules.
A020,"Hesmondhalgh, David. 2013. Why Music Matters.",Social value,High,S029,"Builds a bridge between music’s emotional and collective value and questions of inequality, nation, and public life. It prevents the study from concluding that low monetization makes cultural effects irrelevant.","Interpret audience, identity, and commonality findings alongside economic measures."
A021,"Prey, Robert. 2018. “Nothing personal.” Media, Culture & Society.",Algorithms and discovery,High,S030,Explains how streaming systems construct individualized listeners through data. It helps translate “the algorithm” from folklore into an institutional process with measurable outputs and unknown inputs.,"Analyze playlist exposure, recommendation pathways, and artist beliefs about discoverability."
A022,"Prey, Robert. 2020. “Locating Power in Platformization.”",Algorithms and discovery,Essential,S031,"Centers playlists as sites where music, advertising, and finance markets are coordinated. It is directly relevant to whether Pakistani artists receive global reach through editorial systems or remain dependent on off-platform virality.",Create playlist-entry and duration variables and interview platform staff and distributors.
A023,"Morris, Jeremy Wade. 2020. “Music Platforms and the Optimization of Culture.”",Production practices,High,S032,"Useful for investigating whether songs, intros, release cadence, collaborations, and metadata are being adapted for platform performance. The concept should be tested through production histories, not guessed from a waveform like a particularly excitable fortune teller.",Add creator questions about platform-facing changes to composition and release strategy.
A024,IFPI. Global Music Report 2025 and 2026 summaries.,Comparative industry context,High,S033,Provides global definitions and regional revenue context showing the centrality of streaming. The conspicuous lack of a public Pakistan revenue series is not permission to manufacture one from YouTube views.,Benchmark the international environment and explicitly document Pakistan’s statistical absence.
