field_name,field_label,variable_group,definition,data_type,allowed_values_or_format,required,missing_value_rule,preferred_source,coding_notes
artist_id,Artist ID,Identifiers,"Stable identifier for a solo artist, duo, group, or recurring ensemble.",string,ART-NNNN,Yes,Never missing,Research database,
artist_name,Public artist name,Identifiers,Primary public or credited name.,string,UTF-8 text,Yes,Never missing,Official artist page,
artist_type,Artist type,Identity,Organizational form of the act.,categorical,solo; duo; band; collective; ensemble; rotating_project,Yes,unknown,Credits,
self_identified_gender,Gender identity,Identity,Self-identified gender for solo artists; configuration for groups.,categorical,woman; man; nonbinary; mixed; collective_unknown; unknown,Yes,unknown,Self-description or interview,"Never infer from appearance, name, voice, or dress."
birth_year_or_formation_year,Birth or formation year,Identity,Birth year for solo artists or formation year for acts.,integer,1900-2026,No,unknown,Biography and interview,
origin_city,Origin city,Identity,City or locality the artist identifies as origin.,string,Place name,No,unknown,Self-description,
origin_region,Origin region,Identity,"Province, territory, or diaspora origin.",categorical,Punjab; Sindh; Khyber_Pakhtunkhwa; Balochistan; Islamabad; Gilgit_Baltistan; Azad_Jammu_Kashmir; diaspora; multi_region; unknown,Yes,unknown,Self-description,
professional_base_at_entry,Base at career entry,Identity,Primary place of professional activity at first coded release.,string,City and country,No,unknown,Biography and interview,
current_professional_base,Current base,Identity,Primary professional base at final observation.,string,City and country,No,unknown,Biography and interview,
diaspora_status,Diaspora status,Identity,Relationship to Pakistan and overseas residence.,categorical,Pakistan_based; emigrated_after_entry; diaspora_born; circular; mixed_group; unknown,Yes,unknown,Biography and interview,
primary_languages,Languages,Identity,Primary performance or composition languages.,multi-select,Track language list separated by |,Yes,unknown,Catalogue,
primary_genres,Genres,Identity,Primary genres across coded releases.,multi-select,Track genre list separated by |,Yes,unknown,Catalogue,
formal_music_training,Formal training,Human capital,Documented formal music education or sustained apprenticeship.,categorical,none_reported; informal_peer; ustad_shagird; school_college; conservatory_university; mixed; unknown,No,unknown,Interview,
general_education_level,General education,Human capital,"Highest completed level, self-reported.",ordinal,primary_or_less; secondary; higher_secondary; bachelor; postgraduate; other; prefer_not_to_say; unknown,No,unknown,Interview,
equipment_access_at_entry,Equipment access at entry,Class and access,"Level of access to instruments, computer, software, recording space, and internet when career began.",ordinal,minimal; constrained; adequate; high; unknown,No,unknown,Interview,
family_financial_support,Family financial support,Class and access,Whether family resources subsidized early creative work.,categorical,none; occasional; substantial; opposed_financially; mixed; prefer_not_to_say; unknown,No,unknown,Interview,
family_social_approval,Family approval,Class and access,Family stance toward music career at entry.,categorical,supportive; conditional; neutral; opposed; dangerous_to_disclose; mixed; unknown,No,unknown,Interview,
first_release_year,First release year,Career,Calendar year of first verifiable public release.,integer,Before 2014 through 2026,Yes,unknown,Catalogue,
breakthrough_year,Breakthrough year,Career,Year participant or evidence identifies a material audience or income discontinuity.,integer,Before 2014 through 2026,No,no_clear_breakthrough; unknown,Interview and metrics,
breakthrough_channel,Breakthrough channel,Career,Primary mechanism associated with breakthrough.,categorical,YouTube; Spotify; TikTok; Instagram; television; radio; film_TV; live; branded_platform; local_platform; diaspora_network; press; mixed; unknown,No,unknown,Interview and timeline,
active_years_observed,Observed active years,Career,Number of calendar years with at least one verified professional activity.,integer,0 or greater,Yes,0,Derived,
release_count_observed,Observed releases,Career,Number of verified releases in observation window.,integer,0 or greater,Yes,0,Catalogue,
career_status_2026,Career status,Career,Professional status at August 2026.,categorical,active_primary; active_secondary; intermittent; paused; exited; deceased; unknown,Yes,unknown,Interview and public evidence,
manager_representation,Management,Institutions,Management arrangement at observation end.,categorical,self_managed; informal_friend_family; independent_manager; agency; label_managed; mixed; unknown,No,unknown,Interview,
label_relationship,Label relationship,Institutions,Most substantial label relationship in observation window.,categorical,none; distribution_only; project_license; recording_deal; catalog_deal; multiple; unknown,No,unknown,Contract and interview,
publisher_or_pro,Publishing and rights administration,Institutions,"Publisher, performing-rights organization, or administrator used.",string,Organization names separated by |,No,none; unknown,Interview and contracts,
brand_partnership_count,Brand partnerships,Institutions,Verified paid music-related brand partnerships.,integer,0 or greater,No,unknown,Credits and interview,
coke_studio_participation,Coke Studio participation,Institutions,Participation status and seasons.,string,none or season numbers separated by |,Yes,unknown,Official credits,
international_distributor,International distributor,Institutions,Verified foreign or multinational distributor.,string,Organization name,No,none; unknown,Metadata and contract,
music_income_share_band,Music income share,Economics,Share of total personal earned income attributable to music in a defined year.,ordinal,0; 1_10; 11_25; 26_50; 51_75; 76_99; 100; prefer_not_to_say; unknown,No,unknown,Confidential interview,"Collect for 2014/entry, 2019, 2022, and most recent feasible year rather than one timeless answer."
income_source_mix,Music income sources,Economics,Sources contributing to music-related income.,multi-select,live; brand; streaming; YouTube_ads; composition; production; teaching; sync; session_work; neighboring_rights; merchandise; grants; other; unknown,No,unknown,Interview,
secondary_job_type,Secondary work,Economics,Non-performance work sustaining the artist.,multi-select,none; education; salaried_nonmusic; freelance_nonmusic; music_teaching; production_engineering; advertising; family_business; caregiving; student; other; unknown,No,unknown,Interview,
annual_music_income_band_pkr,Music income band,Economics,Inflation-adjustable annual gross music income band for selected year.,ordinal,0; under_100k; 100k_499k; 500k_999k; 1m_2_49m; 2_5m_4_99m; 5m_9_99m; 10m_plus; prefer_not_to_say; unknown,No,unknown,Confidential interview,Record reference year and whether gross or net.
unpaid_work_hours_week,Unpaid music work,Economics,"Typical weekly hours of unpaid promotion, fan interaction, administration, and rehearsal.",number,0-168,No,unknown,Interview,
largest_cost_categories,Cost structure,Economics,Largest recurring professional cost categories.,multi-select,recording; video; marketing; travel; equipment; software; management; legal; rehearsal; wardrobe; security; childcare; other; unknown,No,unknown,Interview,
royalty_statement_access,Royalty statements,Rights,Whether artist receives interpretable royalty or distributor statements.,categorical,regular_clear; regular_unclear; irregular; none; not_entitled; unknown,No,unknown,Interview and documents,
master_ownership_share,Master ownership share,Rights,Approximate share of masters in observed catalogue owned or co-owned by artist.,number,0-1,No,unknown,Contract and interview,
rights_literacy_score,Rights literacy,Rights,"Researcher-administered score based on understanding of master, composition, publishing, neighboring, sync, and recoupment rights.",integer,0-6,No,not_assessed,Interview instrument,"Report item-level response patterns, not just a potentially smug composite score."
platform_dashboard_access,Platform analytics access,Platforms,Platforms for which artist or team has creator-dashboard access.,multi-select,YouTube; Spotify; Apple; TikTok; Meta; distributor; none; unknown,No,unknown,Interview,
editorial_playlist_experience,Editorial playlist experience,Platforms,Verified editorial playlist inclusion and perceived pathway.,categorical,none; direct_pitch; distributor_pitch; label_pitch; organic_unknown; multiple; unknown,No,unknown,Artist analytics and interview,
paid_promotion_use,Paid promotion,Platforms,Use of legitimate paid digital promotion.,categorical,never; occasional; routine; campaign_specific; unknown,No,unknown,Interview and budget,
algorithm_strategy_changes,Algorithm-facing strategy,Platforms,Whether release or creative strategy changed in response to platform incentives.,multi-select,none; shorter_intros; release_frequency; collaboration; metadata; video_clips; pre_save; influencer_seeding; language_choice; hook_design; other; unknown,No,unknown,Interview,
online_harassment_exposure,Online harassment,Safety and inclusion,Self-reported harassment related to music activity.,ordinal,none; occasional; recurrent; severe; dangerous_to_disclose; prefer_not_to_say; unknown,No,unknown,Confidential interview,
mobility_safety_constraint,Mobility and safety,Safety and inclusion,"Extent to which travel, rehearsals, venues, or late hours constrain work.",ordinal,none; manageable; significant; career_limiting; dangerous_to_disclose; unknown,No,unknown,Interview,
discrimination_experiences,Discrimination,Safety and inclusion,"Self-reported barriers linked to gender, class, ethnicity, language, religion, sect, disability, sexuality, region, or age.",multi-select,gender; class; ethnicity; language; religion_sect; disability; sexuality; region; age; none; prefer_not_to_say; unknown,No,unknown,Confidential interview,
international_audience_share_band,International audience share,Internationalization,Share of platform audience outside Pakistan where creator analytics are available.,ordinal,0_10; 11_25; 26_50; 51_75; 76_100; unknown,No,unknown,Authorized analytics,
international_live_markets,International live markets,Internationalization,Countries with verified paid performances in observation window.,multi-select,ISO country codes separated by |,No,none; unknown,Tour records and interview,
major_awards_nominations,Awards,Internationalization,Verified major domestic or international awards and nominations.,string,Structured text with year and award,No,none,Official award bodies,
career_sustainability_assessment,Career sustainability,Derived outcomes,Triangulated assessment of whether music supports a durable professional career.,ordinal,fragile; partially_sustainable; sustainable; high_growth; not_assessable,No,not_assessable,"Derived from income, continuity, rights, and interview",Do not derive from fame or follower counts alone.
overall_data_quality_score,Data quality,Provenance,Audit score for artist record.,ordinal,A; B; C; D; exclude,Yes,D until reviewed,Research review,
notes,Notes,Provenance,"Ambiguities, changes over time, and protected contextual detail.",string,Maximum 3000 characters,No,Blank,Research database,
