week,workstream,activities,output,decision_gate
1,Governance and setup,Confirm research team; ethics review; conflict disclosures; file structure; source and variable naming.,"Approved protocol, role matrix, risk register.",Do not recruit or collect sensitive data until consent and storage procedures pass review.
2,Evidence and candidate universe,Verify core sources; acquire PTA/PBS/economic tables; build 2014-2016 pilot candidate pool.,Source registry v2 and candidate-pool pilot.,"Proceed only if every candidate has a release date, public source, and deduplication status."
3,Quantitative pilot,"Code 30 pilot tracks from 2014, 2020, and 2025; test mutable metric capture and version rules.","Pilot dataset, missingness report, schema revisions.",Revise fields that exceed 25 percent avoidable missingness or produce systematic coder confusion.
4,Qualitative pilot and recruitment,"Conduct 4-5 pilot interviews; test consent, income bands, role-specific probes; begin balanced recruitment.","Interview memo, revised guide, recruitment matrix.",Pause if anonymity cannot be credible for small professional cells.
5,Track collection I,Complete candidate pools and sample for 2014-2019; double-enter 10 percent of metadata.,First 180 track records and QC log.,Check annual strata and rolling three-year diversity before freezing selections.
6,Track collection II,Complete candidate pools and sample for 2020-2025; capture platform metrics in one dated batch.,Full 360-track factual dataset.,Freeze capture date and document unavailable or deleted content before analysis.
7,Midpoint quality review,"Audit source provenance, duplicate works, metric comparability, interview-cell coverage, and ethics incidents.",Midpoint audit and correction plan.,Do not begin modelling until critical provenance and denominator failures are corrected.
8,Interviews and artist histories,"Complete most artist, producer, intermediary, rights, and live-sector interviews; assemble 80-100 artist histories.","De-identified transcripts, artist dataset draft, reflexive memos.",Recruit negative and inactive cases if successful artists dominate the sample.
9,Content and case studies,Double-code 120 tracks/videos; complete six case-study evidence matrices and right-of-reply requests.,"Content dataset, reliability report, case memos.",Downgrade or revise codes that fail reliability thresholds.
10,Analysis,"Run descriptive, concentration, network, career, and exploratory models; complete qualitative cross-case matrices.",Reproducible analysis notebook/scripts and findings table.,Separate findings from propositions and label all unresolved data gaps.
11,Synthesis and validation,"Triangulate claims, test negative cases, conduct sensitivity checks, verify quotations, and solicit expert challenge.",Claim-evidence ledger and robustness appendix.,Remove or weaken claims that lack traceable evidence or survive only one convenient specification.
12,Publication and handoff,Draft report; complete harm and copyright review; archive reproducible materials; publish de-identified outputs.,"Final report, public data package, methods appendix, limitations register.","Publish only after source, privacy, accessibility, and reproducibility checks pass."
