source_id,title,author_or_org,publication_date,url,source_type,evidence_family,quality_tier,geographic_scope,time_scope,research_use,claim_supported,limitation,access_status
S001,Telecom Indicators and annual subscriber statistics,Pakistan Telecommunication Authority,Continuing series,https://www.pta.gov.pk/index.php/home,Official administrative data,Official / primary,1,Pakistan,Annual and monthly,"Mobile broadband, cellular coverage, subscriber growth, and infrastructure context.",Digital distribution became materially more feasible as mobile broadband expanded.,Historical tables need to be downloaded and standardized to a consistent month or fiscal-year endpoint; the live website can render values dynamically.,Public; verify archive continuity
S002,"$1.1 billion raised from 3G, 4G auction",Dawn / Reuters,2014-04-23,https://www.dawn.com/news/1101760/11-billion-raised-from-3g-4g-auction,Contemporaneous journalism based on PTA results,Journalism,2,Pakistan,2014,Anchor event for the mobile broadband transition.,Pakistan concluded its first major 3G and 4G spectrum auction on 23 April 2014.,Use PTA licensing records for legal and technical detail; the article is an event report rather than a longitudinal dataset.,Public
S003,PTA Annual Report: Telecom revenues reach record Rs 955 billion in FY 2023-24,Associated Press of Pakistan,2024-12-16,https://www.app.com.pk/national/pta-annual-report-telecom-revenues-reach-record-rs-955-bln-in-fy-2023-24/,Government news summary of official annual report,Official / primary,2,Pakistan,FY 2023-24,"Recent broadband, mobile, coverage, and infrastructure benchmarks.",By 2024 Pakistan had a very large mobile broadband base and extensive 3G/4G coverage.,Extract exact values from the underlying PTA annual report before statistical use.,Public
S004,YouTube to be unblocked within 48 hours: PTA,Dawn,2016-01-18,https://www.dawn.com/news/1233783/youtube-to-be-unblocked-within-48-hours-pta,Contemporaneous journalism citing government and regulator,Official / primary,2,Pakistan,2016,Anchor event for restoration of the country’s largest music-video distribution channel.,The government directed restoration of YouTube access in January 2016 after a multi-year ban.,The localized service remained subject to content restriction; platform availability should not be coded as unrestricted access.,Public
S005,"Spotify Expands International Footprint, Bringing Audio to 80+ New Markets",Spotify Newsroom,2021-02-22,https://newsroom.spotify.com/2021-02-22/spotify-expands-international-footprint-bringing-audio-to-80-new-markets/,First-party platform announcement,Platform / industry first-party,1,"Global, including Pakistan",2021,Date and terms of Spotify’s market entry.,Spotify included Pakistan in its 2021 expansion.,"A launch announcement proves availability, not audience size, artist income, or editorial equality.",Public
S006,Pakistani Artist Shae Gill Breaks Streaming Records With Viral Hit “Pasoori”,Spotify Newsroom,2023-02-15,https://newsroom.spotify.com/2023-02-15/pakistani-artist-shae-gill-breaks-streaming-records-with-viral-hit-pasoori/,First-party platform case evidence,Platform / industry first-party,2,Pakistan and global,2022-2023,Platform-recognized global breakthrough case and domestic Wrapped ranking.,“Pasoori” was the most-streamed Pakistani song on Spotify in 2022 and circulated globally.,"The platform provides selected success metrics rather than complete denominators, payout data, or country-level stream shares.",Public
S007,Spotify ICON Pakistan,Spotify Newsroom,2024-09-27,https://newsroom.spotify.com/2024-09-27/our-icon-pakistan-program-pays-tribute-to-artists-that-have-shaped-the-countrys-music-landscape/,First-party platform analytics and campaign announcement,Platform / industry first-party,2,Pakistan and global,2023-2024,"Legacy-catalog revival, audience age composition, and transnational listening examples.",Older Pakistani catalogues can acquire renewed platform attention among younger listeners.,Figures are campaign-selected and cannot be generalized to the national catalogue without raw platform data.,Public
S008,Spotify Pakistan Celebrates Its First Album Launch With Talal Qureshi’s TURBO,Spotify Newsroom,2023-11-02,https://newsroom.spotify.com/2023-11-02/spotify-pakistan-celebrates-its-first-album-launch-with-talal-qureshis-turbo/,First-party platform case evidence,Platform / industry first-party,2,Pakistan and international promotion sites,2023,Case of platform promotional support beyond passive hosting.,Spotify provided selected Pakistani artists with international promotional placements.,"A promotional case does not reveal selection criteria, opportunity distribution, or commercial return.",Public
S009,Warner Music Partners With Leading Pakistani Music Company Giraffe,Warner Music Group,2024-01-24,https://www.wmg.com/news/warner-music-partners-with-leading-pakistani-music-company-giraffe,First-party corporate announcement,Platform / industry first-party,1,Pakistan and South Asia,2024,"Foreign-label entry, A&R infrastructure, and Coke Studio partnership.",Warner Music formed a partnership with Giraffe and linked it to Coke Studio Season 15.,"Commercial terms, rights splits, artist remuneration, and contract duration are not public.",Public
S010,Announcing Coke Studio Season 15,The Coca-Cola Company Pakistan,2024-04-12,https://www.coca-cola.com/pk/en/media-center/announcing-coke-studio-season-15,First-party brand announcement,Platform / industry first-party,2,Pakistan and global,2024,"Programme scale, official cultural-export framing, languages, production, and distribution claims.",Coke Studio functions as a large branded cultural platform with substantial international digital circulation.,Audience numbers are self-reported aggregate promotional figures; verify against channel-level data and avoid treating them as industry revenue.,Public
S011,How Arooj Aftab Made History at the 2022 GRAMMYs,Recording Academy,2022-04-04,https://www.grammy.com/news/foo-fighters-bruno-mars-bad-bunny-arooj-aftab-grammys-2022-history-making-wins/,Official award record,Official / primary,1,International,2022,International recognition and diaspora pathway case.,Arooj Aftab won Best Global Music Performance for “Mohabbat” in 2022.,"An award is symbolic recognition, not evidence of domestic employment growth or industry-wide earnings.",Public
S012,"The Copyright Ordinance, 1962, as amended in 2000",WIPO Lex / Government of Pakistan,1962; amended 2000,https://www.wipo.int/wipolex/en/legislation/details/3482,Primary legal text,Official / primary,1,Pakistan,Current legal framework subject to subsequent law and case interpretation,"Definitions of musical works, records, ownership, assignment, public performance, broadcast, and related rights.",Pakistan has a formal copyright framework that covers musical works and sound recordings.,"Legal existence does not establish effective enforcement, collective management, bargaining power, or payment practice.",Public
S013,Pakistan’s first music policy prepared to resolve piracy and copyright issues,Radio Pakistan,2023-06-26,https://radio.gov.pk/26-06-2023/pakistans-first-music-policy-prepared-to-resolve-issues-of-piracy-copyrights-marriyum,Official government communication,Official / primary,1,Pakistan,2023,"Policy agenda, stated rights categories, piracy, preservation, and regional music.",The government prepared a national music-policy draft addressing rights and piracy.,"The source records policy intent, not implementation, budget, enforcement, or outcomes.",Public
S014,Cabinet approves draft National Music Policy,Pakistan Today,2023-08-09,https://www.pakistantoday.com.pk/2023/08/09/cabinet-approves-first-ever-music-policy-to-promote-industry/,National journalism reporting cabinet decision,Journalism,2,Pakistan,2023,Policy process and approval milestone.,The federal cabinet approved a draft national music policy in August 2023.,"Locate the final gazetted text, implementing rules, responsible agencies, and budget before coding policy implementation.",Public; final policy text still to locate
S015,Patari opens for public,The Express Tribune,2015-09-04,https://tribune.com.pk/story/950790/patari-opens-for-public,Contemporaneous business and culture journalism,Journalism,2,Pakistan,2015,"Local streaming launch, intended revenue sharing, catalogue, and app strategy.",Patari and Taazi emerged as local legal-music distribution experiments in 2015.,Founders’ plans are not equivalent to realized business performance.,Public
S016,Patari makes good on royalties promise,Dawn Images,2015-12-05,https://images.dawn.com/news/1174367/patari-makes-good-on-royalties-promise,Journalism based on platform announcement,Journalism,2,Pakistan,2015,Early local-streaming royalty-payment evidence.,Patari announced a first-quarter royalty pool allocated by plays.,"The article does not provide audited accounts, per-stream rates, rights splits, or recipient distribution.",Public
S017,Patari in hot water over non-payment issues,The Express Tribune,2019-04-08,https://tribune.com.pk/story/1945908/patari-hot-water-musicians-complain-payment-issues,Investigative entertainment journalism,Journalism,2,Pakistan,2017-2019,"Cash-flow, brand dependence, subscription difficulty, and artist-payment disputes.",Local streaming faced monetization and payment-friction problems despite audience growth.,"Disputed claims require interviews, contracts, and accounts; named and anonymous testimony should be triangulated.",Public
S018,The minds and machines behind Pakistan’s music industry,Dawn Herald,2016-10-16,https://herald.dawn.com/news/amp/1153601,Long-form industry journalism,Journalism,2,Pakistan,Historical context through 2016,"Studios, labels, producers, streaming services, copyright history, and industrial structure.",Pakistan’s music economy was institutionally fragmented and dependent on a small set of intermediaries.,The article is a rich historical snapshot but must be updated through interviews and records for 2017-2026.,Public
S019,The rap star of Karachi: “My veil cannot take away the talent I have”,The Guardian,2022-02-13,https://www.theguardian.com/music/2022/feb/13/eva-b-the-rap-star-of-karachi-my-veil-cannot-take-away-the-talent-i-have,Reported artist profile,Journalism,2,"Lyari, Karachi, Pakistan",2014-2022 career history,"Gender, family regulation, class, regional identity, mobile production, Patari, and Coke Studio pathway.",Digital entry and branded exposure can coexist with severe gendered and material constraints.,"A single profile cannot represent all women, Baloch artists, or Lyari; use it as a case, not a population estimate.",Public
S020,Composing an Oppositional Discourse in Coke Studio Pakistan,"Ryan A. D’Souza, Communication, Culture and Critique",2021-08-24,https://academic.oup.com/ccc/article-abstract/14/4/587/6356821,Peer-reviewed scholarship,Scholarship,2,Pakistan and transnational audiences,Coke Studio corpus before 2021,"Gender, mystical Islam, nation image, and oppositional cultural discourse.","Coke Studio can be analyzed as a representation system, not merely as a catalogue of songs.","The article emphasizes discourse and representation rather than revenue, contracts, or labour outcomes.",Abstract public; full text may require access
S021,"Outsourcing the nation? Musical collaboration, nation building and neo-liberal logics in Coke Studio Pakistan","Rodrigo Chocano, Indian Theatre Journal",2022,https://doi.org/10.1386/itj_00028_1,Peer-reviewed scholarship,Scholarship,2,Pakistan,Coke Studio across multiple seasons,"Corporate patronage, nation branding, network representation, and exclusions.",Corporate sponsorship can perform cultural-institution functions while privileging particular artists and representations.,Its coding and conclusions should be replicated or extended for Seasons 14-15 and the broader industry.,Metadata public; access varies
S022,"YouTube Coke Studio Pakistan: Negotiating Identity, Blurring Boundaries","Munira Cheema, Online Media and Society",2024,https://hnpublisher.com/ojs/index.php/OMS/article/view/561,Academic article,Scholarship,3,South Asian YouTube publics,Selected Coke Studio video and comments,Cultural citizenship and audience interaction.,"YouTube comments can be treated as a platformed public, with careful sampling and ethics.",Single-video or convenience samples do not represent national audiences; journal standing and methods should be appraised.,Public
S023,Popular music as desecuritising discourse: a YouTube analysis of Coke Studio across South Asia,Taylor & Francis journal article,2025,https://www.tandfonline.com/doi/full/10.1080/22041451.2025.2575552,Peer-reviewed mixed-methods scholarship,Scholarship,2,India-Pakistan digital audiences,Comments through March 2025,"Cross-border discourse, YouTube Data API design, sentiment and qualitative comment analysis.",Coke Studio audience spaces can contain substantial expressions of cross-border affinity.,"Keyword and sentiment methods are sensitive to multilingual nuance, platform selection, deleted comments, and fandom bias.",Open full text
S024,Music and Transculturalism: Analyzing the Role of Coke Studio Music in Pakistan,"Sobia Abid, Muhammad Zahid Bilal, and Aleena Begum",2022,https://ojs.pjsr.com.pk/index.php/PJSR/article/view/972,Academic survey study,Scholarship,3,Pakistani university students,Cross-sectional,Audience perceptions of transcultural fusion.,Audience research can test how branded fusion music is interpreted by young listeners.,Student samples and cross-sectional surveys cannot represent the entire population or establish long-run change.,Public
S025,The platformization of cultural production: Theorizing the contingent cultural commodity,David B. Nieborg and Thomas Poell,2018,https://doi.org/10.1177/1461444818769694,Peer-reviewed theory,Scholarship,2,General,Contemporary platform economy,"Core platformization framework for production, distribution, data feedback, and dependence.","Platform power changes cultural goods, intermediaries, and the conditions of production.",The original cases are not Pakistani music; the framework must be adapted rather than copied mechanically.,Article metadata and versions available
S026,"Playing to the Crowd: Musicians, Audiences, and the Intimate Work of Connection",Nancy K. Baym,2018,https://nyupress.org/9781479803033/playing-to-the-crowd/,Scholarly book,Scholarship,2,"General, primarily Western music industries",Digital and social-media era,"Relational labour, fan connection, self-promotion, and blurred work boundaries.",Direct audience access creates new unpaid or underpaid relationship work for musicians.,"Platform affordances and labour conditions differ by country, gender, class, and infrastructure.",Publisher description; book access required
S027,"The Cultural Industries, Fourth Edition",David Hesmondhalgh,2019,https://bookshop.org/p/books/the-cultural-industries-david-hesmondhalgh/760fb4c5fafdda1e,Scholarly book,Scholarship,2,Comparative and general,Historical and contemporary,"Industry structure, risk, ownership, creative autonomy, intermediaries, and inequality.","An industry must be analyzed through institutions and power, not visibility alone.",Country-specific institutional detail must come from Pakistani evidence.,Book access required
S028,Creative Labour: Media Work in Three Cultural Industries,David Hesmondhalgh and Sarah Baker,2011,https://www.routledge.com/Creative-Labour-Media-Work-in-Three-Cultural-Industries/Baker-Hesmondhalgh/p/book/9780415572606,Scholarly book,Scholarship,2,Comparative and general,Contemporary cultural work,"Autonomy, self-exploitation, insecurity, emotional labour, and quality of work.",Creative satisfaction and labour precarity can coexist and must be measured separately.,"Interview constructs need contextual translation for Pakistani family, gender, and informal-economy conditions.",Book access required
S029,Why Music Matters,David Hesmondhalgh,2013,https://uat.store.wiley.com/en-us/why-music-matters-p-9781405192415,Scholarly book,Scholarship,2,General,Historical and contemporary,"Social value, commonality, inequality, national identity, and musical flourishing.","Music’s cultural value should be analyzed alongside, not reduced to, market value.",Normative cultural value is not directly measurable by streams or awards.,Book access required
S030,Nothing personal: algorithmic individuation on music streaming platforms,Robert Prey,2018,https://journals.sagepub.com/doi/10.1177/0163443717745147,Peer-reviewed platform study,Scholarship,2,General,Streaming era,"Personalization, datafication, and algorithmic audience construction.",Platform discovery is shaped by data and recommender systems rather than neutral public choice.,Platform algorithms are opaque and change over time; inference requires careful qualification.,Open access article
S031,Locating Power in Platformization: Music Streaming Playlists and Curatorial Power,Robert Prey,2020,https://journals.sagepub.com/doi/10.1177/2056305120933291,Peer-reviewed platform study,Scholarship,2,General,Streaming era,"Playlist curation, market coordination, and platform power.","Playlist visibility is an institutional outcome, not merely a reflection of listener demand.",Editorial access and playlist practice in Pakistan require direct platform and artist interviews.,Open access article
S032,Music Platforms and the Optimization of Culture,Jeremy Wade Morris,2020,https://journals.sagepub.com/doi/10.1177/2056305120940690,Peer-reviewed platform study,Scholarship,2,General,Streaming era,"How creators and labels adapt sound, release schedules, and metadata to platform incentives.",Platform pressures can reshape music production and release strategy.,Do not infer optimization in Pakistan from song form alone; ask creators and compare production histories.,Article access varies
S033,Global Music Report 2025: recorded music revenues grew in 2024,IFPI,2025-03-19,https://www.ifpi.org/ifpi-amidst-highly-competitive-market-global-recorded-music-revenues-grew-4-8-in-2024/,Industry association report summary,Platform / industry first-party,2,Global and regional,2024,Global and Asian streaming context and standardized industry definitions.,"Streaming dominates global recorded-music revenue, but country coverage and revenue quality vary.",Public summaries do not provide a Pakistan market estimate; premium market files may omit or aggregate Pakistan.,Summary public; detailed data commercial
S034,Global Music Report 2026,IFPI,2026-03-18,https://www.ifpi.org/global-music-report-2026-global-recorded-music-revenues-grow-6-4-as-record-companies-drive-innovation/,Industry association report summary,Platform / industry first-party,2,Global and regional,2025,"Epilogue context on streaming, performance rights, fraud, and Asian growth.","The global recorded-music market continued to grow through 2025, led by streaming.",Global growth cannot be assigned to Pakistan without country-level evidence.,Summary public; detailed data commercial
S035,Pakistan: PECA amendment raises censorship and due-process concerns,Human Rights Watch,2025-02-03,https://www.hrw.org/news/2025/02/03/pakistan-amendment-draconian-cyber-law-deepens-crackdown,Rights-monitoring analysis,Civil society / monitoring,2,Pakistan,2025,"Platform governance, content removal, self-censorship, and regulatory risk.",Digital cultural circulation occurs within a changing and contested content-regulation environment.,"A rights assessment should be paired with statutory text, court decisions, PTA notices, and creator testimony.",Public
S036,Pakistan 2023 Population and Housing Census,Pakistan Bureau of Statistics,2023-2024 releases,https://www.pbs.gov.pk/digital-census/detailed-results,Official census data,Official / primary,1,Pakistan,2023,"Population, urban-rural, provincial, age, education, and sampling context.",Audience and artist samples should be weighted or described against Pakistan’s demographic and geographic structure.,"Census variables do not measure music consumption, platform access, or creative employment directly.",Public; download tables
S037,"Pakistan Economic Survey, Information Technology and Telecommunications chapter","Government of Pakistan, Finance Division",Annual,https://www.finance.gov.pk/survey_2025.html,Official economic report,Official / primary,1,Pakistan,Annual,"Macroeconomic, inflation, employment, digital economy, and telecom context.","Music-sector outcomes must be interpreted against inflation, exchange rates, unemployment, and the broader digital economy.",Creative and music industries are rarely isolated as a separate statistical sector.,Public
S038,YouTube Data API v3 documentation,Google for Developers,Continuously updated,https://developers.google.com/youtube/v3,Primary technical documentation,Platform / industry first-party,1,Global platform,Current API,"Video metadata, channel metadata, comments where available, and reproducible capture procedures.",YouTube metrics can be collected programmatically with documented fields and quotas.,"Historical view counts, deleted comments, recommendation exposure, geography, and private analytics are not generally available.",Public documentation; API credentials required for collection
S039,Spotify Charts,Spotify,Continuously updated,https://charts.spotify.com/,First-party chart data,Platform / industry first-party,1,Markets with chart coverage,Daily and weekly depending on market and access,"Peak rank, chart duration, and cross-market chart entry.",Chart placement provides a standardized attention indicator distinct from cumulative streams.,"Historical coverage, market availability, anti-fraud adjustments, and download access can change; archive every extract.",Public interface; export availability varies
S040,Google Trends,Google,Continuously updated,https://trends.google.com/trends/,First-party normalized search index,Platform / industry first-party,2,Pakistan and comparative markets,"2004 onward, variable granularity","Search attention around artists, tracks, events, and controversy.",Search interest can reveal attention beyond a single streaming platform.,"Scores are sampled and normalized, not search counts; spelling, language, and topic selection materially affect results.",Public interface
S041,TikTok Creative Center,TikTok for Business,Continuously updated,https://ads.tiktok.com/business/creativecenter/,First-party trend interface,Platform / industry first-party,2,Market-dependent,Recent rolling windows,"Short-form sound reuse, trend timing, and creator circulation where Pakistan data are available.",Short-form video can be measured as a distinct distribution and reuse channel.,"Historical depth, country access, bot activity, and denominator transparency are limited.",Public interface; archive captures promptly
S042,"Pakistan’s music-streaming platform Patari raises $200,000 in seed funding",Dawn / ProPakistani,2016-12-30,https://www.dawn.com/news/1305568/music-streaming-service-patari-raises-200000-in-seed-investment,Business journalism,Journalism,2,Pakistan,2016,"Venture financing, exclusive releases, and local-platform growth strategy.",Local music-tech ventures attracted seed capital and attempted original-content financing.,"Funding announcements do not establish profitability, retention, or long-term survival.",Public
